2026-05-21T11:44:50.915+09:00  INFO 26648 --- [demo] [main] docuTag.MainApplication                  : Starting MainApplication using Java 21.0.9 with PID 26648 (C:\Users\rdh04\Project\docuTag\java\build\classes\java\main started by rdh04 in C:\Users\rdh04\Project\docuTag\java)
2026-05-21T11:44:50.915+09:00  INFO 26648 --- [demo] [main] docuTag.MainApplication                  : No active profile set, falling back to 1 default profile: "default"
2026-05-21T11:44:52.852+09:00  INFO 26648 --- [demo] [main] .s.d.r.c.RepositoryConfigurationDelegate : Multiple Spring Data modules found, entering strict repository configuration mode
2026-05-21T11:44:52.852+09:00  INFO 26648 --- [demo] [main] .s.d.r.c.RepositoryConfigurationDelegate : Bootstrapping Spring Data JPA repositories in DEFAULT mode.
2026-05-21T11:44:53.091+09:00  INFO 26648 --- [demo] [main] .s.d.r.c.RepositoryConfigurationDelegate : Finished Spring Data repository scanning in 219 ms. Found 4 JPA repository interfaces.
2026-05-21T11:44:53.107+09:00  INFO 26648 --- [demo] [main] .s.d.r.c.RepositoryConfigurationDelegate : Multiple Spring Data modules found, entering strict repository configuration mode
2026-05-21T11:44:53.107+09:00  INFO 26648 --- [demo] [main] .s.d.r.c.RepositoryConfigurationDelegate : Bootstrapping Spring Data Redis repositories in DEFAULT mode.
2026-05-21T11:44:53.155+09:00  INFO 26648 --- [demo] [main] .RepositoryConfigurationExtensionSupport : Spring Data Redis - Could not safely identify store assignment for repository candidate interface docuTag.domain.document.repository.DocumentRepository; If you want this repository to be a Redis repository, consider annotating your entities with one of these annotations: org.springframework.data.redis.core.RedisHash (preferred), or consider extending one of the following types with your repository: org.springframework.data.keyvalue.repository.KeyValueRepository
2026-05-21T11:44:53.155+09:00  INFO 26648 --- [demo] [main] .RepositoryConfigurationExtensionSupport : Spring Data Redis - Could not safely identify store assignment for repository candidate interface docuTag.domain.jwt.refreshtoken.repository.RefreshTokenRepository; If you want this repository to be a Redis repository, consider annotating your entities with one of these annotations: org.springframework.data.redis.core.RedisHash (preferred), or consider extending one of the following types with your repository: org.springframework.data.keyvalue.repository.KeyValueRepository
2026-05-21T11:44:53.155+09:00  INFO 26648 --- [demo] [main] .RepositoryConfigurationExtensionSupport : Spring Data Redis - Could not safely identify store assignment for repository candidate interface docuTag.domain.tag.repository.TagRepository; If you want this repository to be a Redis repository, consider annotating your entities with one of these annotations: org.springframework.data.redis.core.RedisHash (preferred), or consider extending one of the following types with your repository: org.springframework.data.keyvalue.repository.KeyValueRepository
2026-05-21T11:44:53.155+09:00  INFO 26648 --- [demo] [main] .RepositoryConfigurationExtensionSupport : Spring Data Redis - Could not safely identify store assignment for repository candidate interface docuTag.domain.user.repository.UserRepository; If you want this repository to be a Redis repository, consider annotating your entities with one of these annotations: org.springframework.data.redis.core.RedisHash (preferred), or consider extending one of the following types with your repository: org.springframework.data.keyvalue.repository.KeyValueRepository
2026-05-21T11:44:53.155+09:00  INFO 26648 --- [demo] [main] .s.d.r.c.RepositoryConfigurationDelegate : Finished Spring Data repository scanning in 26 ms. Found 0 Redis repository interfaces.
2026-05-21T11:44:55.060+09:00  INFO 26648 --- [demo] [main] o.s.b.w.embedded.tomcat.TomcatWebServer  : Tomcat initialized with port 8080 (http)
2026-05-21T11:44:55.132+09:00  INFO 26648 --- [demo] [main] o.apache.catalina.core.StandardService   : Starting service [Tomcat]
2026-05-21T11:44:55.137+09:00  INFO 26648 --- [demo] [main] o.apache.catalina.core.StandardEngine    : Starting Servlet engine: [Apache Tomcat/10.1.40]
2026-05-21T11:44:55.550+09:00  INFO 26648 --- [demo] [main] o.a.c.c.C.[Tomcat].[localhost].[/]       : Initializing Spring embedded WebApplicationContext
2026-05-21T11:44:55.551+09:00  INFO 26648 --- [demo] [main] w.s.c.ServletWebServerApplicationContext : Root WebApplicationContext: initialization completed in 4552 ms
2026-05-21T11:44:55.899+09:00  INFO 26648 --- [demo] [main] o.hibernate.jpa.internal.util.LogHelper  : HHH000204: Processing PersistenceUnitInfo [name: default]
2026-05-21T11:44:56.090+09:00  INFO 26648 --- [demo] [main] org.hibernate.Version                    : HHH000412: Hibernate ORM core version 6.6.13.Final
2026-05-21T11:44:56.163+09:00  INFO 26648 --- [demo] [main] o.h.c.internal.RegionFactoryInitiator    : HHH000026: Second-level cache disabled
2026-05-21T11:44:56.791+09:00  INFO 26648 --- [demo] [main] o.s.o.j.p.SpringPersistenceUnitInfo      : No LoadTimeWeaver setup: ignoring JPA class transformer
2026-05-21T11:44:56.851+09:00  INFO 26648 --- [demo] [main] com.zaxxer.hikari.HikariDataSource       : HikariPool-1 - Starting...
2026-05-21T11:44:57.355+09:00  INFO 26648 --- [demo] [main] com.zaxxer.hikari.pool.HikariPool        : HikariPool-1 - Added connection com.mysql.cj.jdbc.ConnectionImpl@608eb42e
2026-05-21T11:44:57.355+09:00  INFO 26648 --- [demo] [main] com.zaxxer.hikari.HikariDataSource       : HikariPool-1 - Start completed.
2026-05-21T11:44:57.463+09:00  WARN 26648 --- [demo] [main] org.hibernate.orm.deprecation            : HHH90000025: MySQLDialect does not need to be specified explicitly using 'hibernate.dialect' (remove the property setting and it will be selected by default)
2026-05-21T11:44:57.534+09:00  INFO 26648 --- [demo] [main] org.hibernate.orm.connections.pooling    : HHH10001005: Database info:
	Database JDBC URL [Connecting through datasource 'HikariDataSource (HikariPool-1)']
	Database driver: undefined/unknown
	Database version: 8.0.42
	Autocommit mode: undefined/unknown
	Isolation level: undefined/unknown
	Minimum pool size: undefined/unknown
	Maximum pool size: undefined/unknown
2026-05-21T11:44:59.946+09:00  INFO 26648 --- [demo] [main] o.h.e.t.j.p.i.JtaPlatformInitiator       : HHH000489: No JTA platform available (set 'hibernate.transaction.jta.platform' to enable JTA platform integration)
2026-05-21T11:44:59.974+09:00 DEBUG 26648 --- [demo] [main] org.hibernate.SQL                        : 
    alter table document_tags 
       drop 
       foreign key fk_document_tag_document
2026-05-21T11:45:00.000+09:00 DEBUG 26648 --- [demo] [main] org.hibernate.SQL                        : 
    alter table document_tags 
       drop 
       foreign key fk_document_tag_tag
2026-05-21T11:45:00.009+09:00 DEBUG 26648 --- [demo] [main] org.hibernate.SQL                        : 
    alter table documents 
       drop 
       foreign key fk_document_user
2026-05-21T11:45:00.020+09:00 DEBUG 26648 --- [demo] [main] org.hibernate.SQL                        : 
    drop table if exists document_tags
2026-05-21T11:45:00.036+09:00 DEBUG 26648 --- [demo] [main] org.hibernate.SQL                        : 
    drop table if exists documents
2026-05-21T11:45:00.051+09:00 DEBUG 26648 --- [demo] [main] org.hibernate.SQL                        : 
    drop table if exists refresh_token
2026-05-21T11:45:00.061+09:00 DEBUG 26648 --- [demo] [main] org.hibernate.SQL                        : 
    drop table if exists tags
2026-05-21T11:45:00.071+09:00 DEBUG 26648 --- [demo] [main] org.hibernate.SQL                        : 
    drop table if exists users
2026-05-21T11:45:00.105+09:00 DEBUG 26648 --- [demo] [main] org.hibernate.SQL                        : 
    create table document_tags (
        created_at datetime(6) not null,
        document_id bigint not null,
        document_tag_id bigint not null auto_increment,
        tag_id bigint not null,
        primary key (document_tag_id)
    ) engine=InnoDB
2026-05-21T11:45:00.121+09:00 DEBUG 26648 --- [demo] [main] org.hibernate.SQL                        : 
    create table documents (
        created_at datetime(6) not null,
        document_id bigint not null auto_increment,
        updated_at datetime(6),
        user_id bigint,
        title varchar(200) not null,
        content TEXT,
        primary key (document_id)
    ) engine=InnoDB
2026-05-21T11:45:00.154+09:00 DEBUG 26648 --- [demo] [main] org.hibernate.SQL                        : 
    create table refresh_token (
        created_at datetime(6),
        expires_at datetime(6) not null,
        id bigint not null auto_increment,
        user_id bigint not null,
        token varchar(255) not null,
        primary key (id)
    ) engine=InnoDB
2026-05-21T11:45:00.170+09:00 DEBUG 26648 --- [demo] [main] org.hibernate.SQL                        : 
    create table tags (
        created_at datetime(6) not null,
        tag_id bigint not null auto_increment,
        tag_name varchar(50) not null,
        primary key (tag_id)
    ) engine=InnoDB
2026-05-21T11:45:00.203+09:00 DEBUG 26648 --- [demo] [main] org.hibernate.SQL                        : 
    create table users (
        created_at datetime(6) not null,
        updated_at datetime(6),
        user_id bigint not null auto_increment,
        oauth_provider varchar(20) not null,
        nickname varchar(50) not null,
        email varchar(100) not null,
        provider_id varchar(100),
        password varchar(200),
        primary key (user_id)
    ) engine=InnoDB
2026-05-21T11:45:00.220+09:00 DEBUG 26648 --- [demo] [main] org.hibernate.SQL                        : 
    create index idx_user_document 
       on documents (user_id, document_id desc)
2026-05-21T11:45:00.240+09:00 DEBUG 26648 --- [demo] [main] org.hibernate.SQL                        : 
    alter table refresh_token 
       add constraint UKr4k4edos30bx9neoq81mdvwph unique (token)
2026-05-21T11:45:00.263+09:00 DEBUG 26648 --- [demo] [main] org.hibernate.SQL                        : 
    create index idx_tags_tag_name 
       on tags (tag_name)
2026-05-21T11:45:00.281+09:00 DEBUG 26648 --- [demo] [main] org.hibernate.SQL                        : 
    alter table tags 
       add constraint UK2c6s9hekidseaj5vbgb3pgy3k unique (tag_name)
2026-05-21T11:45:00.308+09:00 DEBUG 26648 --- [demo] [main] org.hibernate.SQL                        : 
    alter table document_tags 
       add constraint fk_document_tag_document 
       foreign key (document_id) 
       references documents (document_id)
2026-05-21T11:45:00.370+09:00 DEBUG 26648 --- [demo] [main] org.hibernate.SQL                        : 
    alter table document_tags 
       add constraint fk_document_tag_tag 
       foreign key (tag_id) 
       references tags (tag_id)
2026-05-21T11:45:00.455+09:00 DEBUG 26648 --- [demo] [main] org.hibernate.SQL                        : 
    alter table documents 
       add constraint fk_document_user 
       foreign key (user_id) 
       references users (user_id)
2026-05-21T11:45:00.636+09:00  INFO 26648 --- [demo] [main] j.LocalContainerEntityManagerFactoryBean : Initialized JPA EntityManagerFactory for persistence unit 'default'
2026-05-21T11:45:02.206+09:00  INFO 26648 --- [demo] [main] o.s.d.j.r.query.QueryEnhancerFactory     : Hibernate is in classpath; If applicable, HQL parser will be used.
2026-05-21T11:45:04.242+09:00  WARN 26648 --- [demo] [main] JpaBaseConfiguration$JpaWebConfiguration : spring.jpa.open-in-view is enabled by default. Therefore, database queries may be performed during view rendering. Explicitly configure spring.jpa.open-in-view to disable this warning
2026-05-21T11:45:04.295+09:00  INFO 26648 --- [demo] [main] r$InitializeUserDetailsManagerConfigurer : Global AuthenticationManager configured with UserDetailsService bean with name customUserDetailsService
2026-05-21T11:45:05.038+09:00 DEBUG 26648 --- [demo] [main] o.s.s.web.DefaultSecurityFilterChain     : Will secure any request with filters: DisableEncodeUrlFilter, WebAsyncManagerIntegrationFilter, SecurityContextHolderFilter, HeaderWriterFilter, CorsFilter, LogoutFilter, OAuth2AuthorizationRequestRedirectFilter, OAuth2LoginAuthenticationFilter, JwtAuthenticationFilter, RequestCacheAwareFilter, SecurityContextHolderAwareRequestFilter, AnonymousAuthenticationFilter, SessionManagementFilter, ExceptionTranslationFilter, AuthorizationFilter
2026-05-21T11:45:06.064+09:00  INFO 26648 --- [demo] [main] o.s.b.w.embedded.tomcat.TomcatWebServer  : Tomcat started on port 8080 (http) with context path '/'
2026-05-21T11:45:06.096+09:00  INFO 26648 --- [demo] [main] o.a.k.clients.consumer.ConsumerConfig    : ConsumerConfig values: 
	allow.auto.create.topics = true
	auto.commit.interval.ms = 5000
	auto.include.jmx.reporter = true
	auto.offset.reset = earliest
	bootstrap.servers = [localhost:9092]
	check.crcs = true
	client.dns.lookup = use_all_dns_ips
	client.id = consumer-click-counter-1
	client.rack = 
	connections.max.idle.ms = 540000
	default.api.timeout.ms = 60000
	enable.auto.commit = false
	enable.metrics.push = true
	exclude.internal.topics = true
	fetch.max.bytes = 52428800
	fetch.max.wait.ms = 500
	fetch.min.bytes = 1
	group.id = click-counter
	group.instance.id = null
	group.protocol = classic
	group.remote.assignor = null
	heartbeat.interval.ms = 3000
	interceptor.classes = []
	internal.leave.group.on.close = true
	internal.throw.on.fetch.stable.offset.unsupported = false
	isolation.level = read_uncommitted
	key.deserializer = class org.apache.kafka.common.serialization.StringDeserializer
	max.partition.fetch.bytes = 1048576
	max.poll.interval.ms = 300000
	max.poll.records = 500
	metadata.max.age.ms = 300000
	metadata.recovery.strategy = none
	metric.reporters = []
	metrics.num.samples = 2
	metrics.recording.level = INFO
	metrics.sample.window.ms = 30000
	partition.assignment.strategy = [class org.apache.kafka.clients.consumer.RangeAssignor, class org.apache.kafka.clients.consumer.CooperativeStickyAssignor]
	receive.buffer.bytes = 65536
	reconnect.backoff.max.ms = 1000
	reconnect.backoff.ms = 50
	request.timeout.ms = 30000
	retry.backoff.max.ms = 1000
	retry.backoff.ms = 100
	sasl.client.callback.handler.class = null
	sasl.jaas.config = null
	sasl.kerberos.kinit.cmd = /usr/bin/kinit
	sasl.kerberos.min.time.before.relogin = 60000
	sasl.kerberos.service.name = null
	sasl.kerberos.ticket.renew.jitter = 0.05
	sasl.kerberos.ticket.renew.window.factor = 0.8
	sasl.login.callback.handler.class = null
	sasl.login.class = null
	sasl.login.connect.timeout.ms = null
	sasl.login.read.timeout.ms = null
	sasl.login.refresh.buffer.seconds = 300
	sasl.login.refresh.min.period.seconds = 60
	sasl.login.refresh.window.factor = 0.8
	sasl.login.refresh.window.jitter = 0.05
	sasl.login.retry.backoff.max.ms = 10000
	sasl.login.retry.backoff.ms = 100
	sasl.mechanism = GSSAPI
	sasl.oauthbearer.clock.skew.seconds = 30
	sasl.oauthbearer.expected.audience = null
	sasl.oauthbearer.expected.issuer = null
	sasl.oauthbearer.jwks.endpoint.refresh.ms = 3600000
	sasl.oauthbearer.jwks.endpoint.retry.backoff.max.ms = 10000
	sasl.oauthbearer.jwks.endpoint.retry.backoff.ms = 100
	sasl.oauthbearer.jwks.endpoint.url = null
	sasl.oauthbearer.scope.claim.name = scope
	sasl.oauthbearer.sub.claim.name = sub
	sasl.oauthbearer.token.endpoint.url = null
	security.protocol = PLAINTEXT
	security.providers = null
	send.buffer.bytes = 131072
	session.timeout.ms = 45000
	socket.connection.setup.timeout.max.ms = 30000
	socket.connection.setup.timeout.ms = 10000
	ssl.cipher.suites = null
	ssl.enabled.protocols = [TLSv1.2, TLSv1.3]
	ssl.endpoint.identification.algorithm = https
	ssl.engine.factory.class = null
	ssl.key.password = null
	ssl.keymanager.algorithm = SunX509
	ssl.keystore.certificate.chain = null
	ssl.keystore.key = null
	ssl.keystore.location = null
	ssl.keystore.password = null
	ssl.keystore.type = JKS
	ssl.protocol = TLSv1.3
	ssl.provider = null
	ssl.secure.random.implementation = null
	ssl.trustmanager.algorithm = PKIX
	ssl.truststore.certificates = null
	ssl.truststore.location = null
	ssl.truststore.password = null
	ssl.truststore.type = JKS
	value.deserializer = class org.springframework.kafka.support.serializer.JsonDeserializer

2026-05-21T11:45:06.146+09:00  INFO 26648 --- [demo] [main] o.a.k.c.t.i.KafkaMetricsCollector        : initializing Kafka metrics collector
2026-05-21T11:45:06.500+09:00  INFO 26648 --- [demo] [main] o.a.kafka.common.utils.AppInfoParser     : Kafka version: 3.8.1
2026-05-21T11:45:06.500+09:00  INFO 26648 --- [demo] [main] o.a.kafka.common.utils.AppInfoParser     : Kafka commitId: 70d6ff42debf7e17
2026-05-21T11:45:06.501+09:00  INFO 26648 --- [demo] [main] o.a.kafka.common.utils.AppInfoParser     : Kafka startTimeMs: 1779331506498
2026-05-21T11:45:06.506+09:00  INFO 26648 --- [demo] [main] o.a.k.c.c.internals.LegacyKafkaConsumer  : [Consumer clientId=consumer-click-counter-1, groupId=click-counter] Subscribed to topic(s): frontend-logs
2026-05-21T11:45:06.535+09:00  INFO 26648 --- [demo] [main] docuTag.MainApplication                  : Started MainApplication in 16.464 seconds (process running for 17.177)
2026-05-21T11:45:06.834+09:00 DEBUG 26648 --- [demo] [main] org.hibernate.SQL                        : 
    select
        count(*) 
    from
        documents d1_0
2026-05-21T11:45:07.164+09:00 DEBUG 26648 --- [demo] [main] org.hibernate.SQL                        : 
    insert 
    into
        users
        (created_at, email, nickname, oauth_provider, password, provider_id, updated_at) 
    values
        (?, ?, ?, ?, ?, ?, ?)
2026-05-21T11:45:07.177+09:00 TRACE 26648 --- [demo] [main] org.hibernate.orm.jdbc.bind              : binding parameter (1:TIMESTAMP) <- [2026-05-21T11:45:07.118396200]
2026-05-21T11:45:07.177+09:00 TRACE 26648 --- [demo] [main] org.hibernate.orm.jdbc.bind              : binding parameter (2:VARCHAR) <- [rdh1111@naver.com]
2026-05-21T11:45:07.177+09:00 TRACE 26648 --- [demo] [main] org.hibernate.orm.jdbc.bind              : binding parameter (3:VARCHAR) <- [테스트유저]
2026-05-21T11:45:07.177+09:00 TRACE 26648 --- [demo] [main] org.hibernate.orm.jdbc.bind              : binding parameter (4:VARCHAR) <- [local]
2026-05-21T11:45:07.177+09:00 TRACE 26648 --- [demo] [main] org.hibernate.orm.jdbc.bind              : binding parameter (5:VARCHAR) <- [$2a$10$7Bcb4mQbL80eSgYSQk3Kde0s8H.W0nRy5Ej9Mm76UeRQmR3BFjaP2]
2026-05-21T11:45:07.177+09:00 TRACE 26648 --- [demo] [main] org.hibernate.orm.jdbc.bind              : binding parameter (6:VARCHAR) <- [null]
2026-05-21T11:45:07.177+09:00 TRACE 26648 --- [demo] [main] org.hibernate.orm.jdbc.bind              : binding parameter (7:TIMESTAMP) <- [2026-05-21T11:45:07.118396200]
2026-05-21T11:45:07.261+09:00  INFO 26648 --- [demo] [main] docuTag.global.init.DataInitializer      : [DataInitializer] 테스트 유저 생성 완료 - email: rdh1111@naver.com, password: test1234
2026-05-21T11:45:07.261+09:00  INFO 26648 --- [demo] [main] docuTag.global.init.DataInitializer      : [DataInitializer] 테스트 데이터 삽입 시작...
2026-05-21T11:45:07.265+09:00 DEBUG 26648 --- [demo] [main] org.hibernate.SQL                        : 
    insert 
    into
        tags
        (created_at, tag_name) 
    values
        (?, ?)
2026-05-21T11:45:07.265+09:00 TRACE 26648 --- [demo] [main] org.hibernate.orm.jdbc.bind              : binding parameter (1:TIMESTAMP) <- [2026-05-21T11:45:07.264688200]
2026-05-21T11:45:07.266+09:00 TRACE 26648 --- [demo] [main] org.hibernate.orm.jdbc.bind              : binding parameter (2:VARCHAR) <- [Java]
2026-05-21T11:45:07.270+09:00 DEBUG 26648 --- [demo] [main] org.hibernate.SQL                        : 
    insert 
    into
        tags
        (created_at, tag_name) 
    values
        (?, ?)
2026-05-21T11:45:07.272+09:00 TRACE 26648 --- [demo] [main] org.hibernate.orm.jdbc.bind              : binding parameter (1:TIMESTAMP) <- [2026-05-21T11:45:07.270105500]
2026-05-21T11:45:07.272+09:00 TRACE 26648 --- [demo] [main] org.hibernate.orm.jdbc.bind              : binding parameter (2:VARCHAR) <- [Spring]
2026-05-21T11:45:07.275+09:00 DEBUG 26648 --- [demo] [main] org.hibernate.SQL                        : 
    insert 
    into
        tags
        (created_at, tag_name) 
    values
        (?, ?)
2026-05-21T11:45:07.275+09:00 TRACE 26648 --- [demo] [main] org.hibernate.orm.jdbc.bind              : binding parameter (1:TIMESTAMP) <- [2026-05-21T11:45:07.275796700]
2026-05-21T11:45:07.275+09:00 TRACE 26648 --- [demo] [main] org.hibernate.orm.jdbc.bind              : binding parameter (2:VARCHAR) <- [JPA]
2026-05-21T11:45:07.282+09:00 DEBUG 26648 --- [demo] [main] org.hibernate.SQL                        : 
    insert 
    into
        tags
        (created_at, tag_name) 
    values
        (?, ?)
2026-05-21T11:45:07.285+09:00 TRACE 26648 --- [demo] [main] org.hibernate.orm.jdbc.bind              : binding parameter (1:TIMESTAMP) <- [2026-05-21T11:45:07.282420700]
2026-05-21T11:45:07.286+09:00 TRACE 26648 --- [demo] [main] org.hibernate.orm.jdbc.bind              : binding parameter (2:VARCHAR) <- [Docker]
2026-05-21T11:45:07.298+09:00 DEBUG 26648 --- [demo] [main] org.hibernate.SQL                        : 
    insert 
    into
        tags
        (created_at, tag_name) 
    values
        (?, ?)
2026-05-21T11:45:07.301+09:00 TRACE 26648 --- [demo] [main] org.hibernate.orm.jdbc.bind              : binding parameter (1:TIMESTAMP) <- [2026-05-21T11:45:07.297989900]
2026-05-21T11:45:07.301+09:00 TRACE 26648 --- [demo] [main] org.hibernate.orm.jdbc.bind              : binding parameter (2:VARCHAR) <- [Backend]
2026-05-21T11:45:07.306+09:00 DEBUG 26648 --- [demo] [main] org.hibernate.SQL                        : 
    insert 
    into
        tags
        (created_at, tag_name) 
    values
        (?, ?)
2026-05-21T11:45:07.306+09:00 TRACE 26648 --- [demo] [main] org.hibernate.orm.jdbc.bind              : binding parameter (1:TIMESTAMP) <- [2026-05-21T11:45:07.306611400]
2026-05-21T11:45:07.306+09:00 TRACE 26648 --- [demo] [main] org.hibernate.orm.jdbc.bind              : binding parameter (2:VARCHAR) <- [Security]
2026-05-21T11:45:07.311+09:00 DEBUG 26648 --- [demo] [main] org.hibernate.SQL                        : 
    insert 
    into
        tags
        (created_at, tag_name) 
    values
        (?, ?)
2026-05-21T11:45:07.312+09:00 TRACE 26648 --- [demo] [main] org.hibernate.orm.jdbc.bind              : binding parameter (1:TIMESTAMP) <- [2026-05-21T11:45:07.310915500]
2026-05-21T11:45:07.312+09:00 TRACE 26648 --- [demo] [main] org.hibernate.orm.jdbc.bind              : binding parameter (2:VARCHAR) <- [Redis]
2026-05-21T11:45:07.315+09:00 DEBUG 26648 --- [demo] [main] org.hibernate.SQL                        : 
    insert 
    into
        tags
        (created_at, tag_name) 
    values
        (?, ?)
2026-05-21T11:45:07.316+09:00 TRACE 26648 --- [demo] [main] org.hibernate.orm.jdbc.bind              : binding parameter (1:TIMESTAMP) <- [2026-05-21T11:45:07.314798600]
2026-05-21T11:45:07.316+09:00 TRACE 26648 --- [demo] [main] org.hibernate.orm.jdbc.bind              : binding parameter (2:VARCHAR) <- [MySQL]
2026-05-21T11:45:07.321+09:00 DEBUG 26648 --- [demo] [main] org.hibernate.SQL                        : 
    insert 
    into
        tags
        (created_at, tag_name) 
    values
        (?, ?)
2026-05-21T11:45:07.324+09:00 TRACE 26648 --- [demo] [main] org.hibernate.orm.jdbc.bind              : binding parameter (1:TIMESTAMP) <- [2026-05-21T11:45:07.320947400]
2026-05-21T11:45:07.325+09:00 TRACE 26648 --- [demo] [main] org.hibernate.orm.jdbc.bind              : binding parameter (2:VARCHAR) <- [AWS]
2026-05-21T11:45:07.332+09:00 DEBUG 26648 --- [demo] [main] org.hibernate.SQL                        : 
    insert 
    into
        tags
        (created_at, tag_name) 
    values
        (?, ?)
2026-05-21T11:45:07.334+09:00 TRACE 26648 --- [demo] [main] org.hibernate.orm.jdbc.bind              : binding parameter (1:TIMESTAMP) <- [2026-05-21T11:45:07.332198300]
2026-05-21T11:45:07.334+09:00 TRACE 26648 --- [demo] [main] org.hibernate.orm.jdbc.bind              : binding parameter (2:VARCHAR) <- [CI/CD]
2026-05-21T11:45:07.376+09:00 DEBUG 26648 --- [demo] [main] org.hibernate.SQL                        : 
    insert 
    into
        documents
        (content, created_at, title, updated_at, user_id) 
    values
        (?, ?, ?, ?, ?)
2026-05-21T11:45:07.376+09:00 TRACE 26648 --- [demo] [main] org.hibernate.orm.jdbc.bind              : binding parameter (1:VARCHAR) <- [Spring Boot로 빠르게 프로젝트를 구성하는 방법을 소개합니다.]
2026-05-21T11:45:07.376+09:00 TRACE 26648 --- [demo] [main] org.hibernate.orm.jdbc.bind              : binding parameter (2:TIMESTAMP) <- [2026-05-21T11:45:07.365038400]
2026-05-21T11:45:07.376+09:00 TRACE 26648 --- [demo] [main] org.hibernate.orm.jdbc.bind              : binding parameter (3:VARCHAR) <- [Spring Boot 시작하기]
2026-05-21T11:45:07.376+09:00 TRACE 26648 --- [demo] [main] org.hibernate.orm.jdbc.bind              : binding parameter (4:TIMESTAMP) <- [2026-05-21T11:45:07.365552600]
2026-05-21T11:45:07.376+09:00 TRACE 26648 --- [demo] [main] org.hibernate.orm.jdbc.bind              : binding parameter (5:BIGINT) <- [1]
2026-05-21T11:45:07.388+09:00 DEBUG 26648 --- [demo] [main] org.hibernate.SQL                        : 
    insert 
    into
        document_tags
        (created_at, document_id, tag_id) 
    values
        (?, ?, ?)
2026-05-21T11:45:07.390+09:00 TRACE 26648 --- [demo] [main] org.hibernate.orm.jdbc.bind              : binding parameter (1:TIMESTAMP) <- [2026-05-21T11:45:07.387607100]
2026-05-21T11:45:07.390+09:00 TRACE 26648 --- [demo] [main] org.hibernate.orm.jdbc.bind              : binding parameter (2:BIGINT) <- [1]
2026-05-21T11:45:07.391+09:00 TRACE 26648 --- [demo] [main] org.hibernate.orm.jdbc.bind              : binding parameter (3:BIGINT) <- [2]
2026-05-21T11:45:07.404+09:00 DEBUG 26648 --- [demo] [main] org.hibernate.SQL                        : 
    insert 
    into
        document_tags
        (created_at, document_id, tag_id) 
    values
        (?, ?, ?)
2026-05-21T11:45:07.408+09:00 TRACE 26648 --- [demo] [main] org.hibernate.orm.jdbc.bind              : binding parameter (1:TIMESTAMP) <- [2026-05-21T11:45:07.404271100]
2026-05-21T11:45:07.409+09:00 TRACE 26648 --- [demo] [main] org.hibernate.orm.jdbc.bind              : binding parameter (2:BIGINT) <- [1]
2026-05-21T11:45:07.409+09:00 TRACE 26648 --- [demo] [main] org.hibernate.orm.jdbc.bind              : binding parameter (3:BIGINT) <- [1]
2026-05-21T11:45:07.414+09:00 DEBUG 26648 --- [demo] [main] org.hibernate.SQL                        : 
    insert 
    into
        document_tags
        (created_at, document_id, tag_id) 
    values
        (?, ?, ?)
2026-05-21T11:45:07.414+09:00 TRACE 26648 --- [demo] [main] org.hibernate.orm.jdbc.bind              : binding parameter (1:TIMESTAMP) <- [2026-05-21T11:45:07.414087]
2026-05-21T11:45:07.414+09:00 TRACE 26648 --- [demo] [main] org.hibernate.orm.jdbc.bind              : binding parameter (2:BIGINT) <- [1]
2026-05-21T11:45:07.414+09:00 TRACE 26648 --- [demo] [main] org.hibernate.orm.jdbc.bind              : binding parameter (3:BIGINT) <- [5]
2026-05-21T11:45:07.447+09:00 DEBUG 26648 --- [demo] [main] org.hibernate.SQL                        : 
    insert 
    into
        documents
        (content, created_at, title, updated_at, user_id) 
    values
        (?, ?, ?, ?, ?)
2026-05-21T11:45:07.450+09:00 TRACE 26648 --- [demo] [main] org.hibernate.orm.jdbc.bind              : binding parameter (1:VARCHAR) <- [OneToMany, ManyToOne 등 JPA 연관관계 매핑 방법을 정리합니다.]
2026-05-21T11:45:07.452+09:00 TRACE 26648 --- [demo] [main] org.hibernate.orm.jdbc.bind              : binding parameter (2:TIMESTAMP) <- [2026-05-21T11:45:07.444781800]
2026-05-21T11:45:07.454+09:00 TRACE 26648 --- [demo] [main] org.hibernate.orm.jdbc.bind              : binding parameter (3:VARCHAR) <- [JPA 연관관계 매핑]
2026-05-21T11:45:07.454+09:00 TRACE 26648 --- [demo] [main] org.hibernate.orm.jdbc.bind              : binding parameter (4:TIMESTAMP) <- [2026-05-21T11:45:07.445310200]
2026-05-21T11:45:07.454+09:00 TRACE 26648 --- [demo] [main] org.hibernate.orm.jdbc.bind              : binding parameter (5:BIGINT) <- [1]
2026-05-21T11:45:07.470+09:00 DEBUG 26648 --- [demo] [main] org.hibernate.SQL                        : 
    insert 
    into
        document_tags
        (created_at, document_id, tag_id) 
    values
        (?, ?, ?)
2026-05-21T11:45:07.471+09:00 TRACE 26648 --- [demo] [main] org.hibernate.orm.jdbc.bind              : binding parameter (1:TIMESTAMP) <- [2026-05-21T11:45:07.469812800]
2026-05-21T11:45:07.472+09:00 TRACE 26648 --- [demo] [main] org.hibernate.orm.jdbc.bind              : binding parameter (2:BIGINT) <- [2]
2026-05-21T11:45:07.472+09:00 TRACE 26648 --- [demo] [main] org.hibernate.orm.jdbc.bind              : binding parameter (3:BIGINT) <- [3]
2026-05-21T11:45:07.477+09:00 DEBUG 26648 --- [demo] [main] org.hibernate.SQL                        : 
    insert 
    into
        document_tags
        (created_at, document_id, tag_id) 
    values
        (?, ?, ?)
2026-05-21T11:45:07.478+09:00 TRACE 26648 --- [demo] [main] org.hibernate.orm.jdbc.bind              : binding parameter (1:TIMESTAMP) <- [2026-05-21T11:45:07.477023]
2026-05-21T11:45:07.478+09:00 TRACE 26648 --- [demo] [main] org.hibernate.orm.jdbc.bind              : binding parameter (2:BIGINT) <- [2]
2026-05-21T11:45:07.478+09:00 TRACE 26648 --- [demo] [main] org.hibernate.orm.jdbc.bind              : binding parameter (3:BIGINT) <- [1]
2026-05-21T11:45:07.492+09:00 DEBUG 26648 --- [demo] [main] org.hibernate.SQL                        : 
    insert 
    into
        documents
        (content, created_at, title, updated_at, user_id) 
    values
        (?, ?, ?, ?, ?)
2026-05-21T11:45:07.493+09:00 TRACE 26648 --- [demo] [main] org.hibernate.orm.jdbc.bind              : binding parameter (1:VARCHAR) <- [Dockerfile 작성부터 컨테이너 실행까지 단계별로 알아봅니다.]
2026-05-21T11:45:07.493+09:00 TRACE 26648 --- [demo] [main] org.hibernate.orm.jdbc.bind              : binding parameter (2:TIMESTAMP) <- [2026-05-21T11:45:07.492354100]
2026-05-21T11:45:07.493+09:00 TRACE 26648 --- [demo] [main] org.hibernate.orm.jdbc.bind              : binding parameter (3:VARCHAR) <- [Docker로 Spring 배포하기]
2026-05-21T11:45:07.493+09:00 TRACE 26648 --- [demo] [main] org.hibernate.orm.jdbc.bind              : binding parameter (4:TIMESTAMP) <- [2026-05-21T11:45:07.492354100]
2026-05-21T11:45:07.493+09:00 TRACE 26648 --- [demo] [main] org.hibernate.orm.jdbc.bind              : binding parameter (5:BIGINT) <- [1]
2026-05-21T11:45:07.498+09:00 DEBUG 26648 --- [demo] [main] org.hibernate.SQL                        : 
    insert 
    into
        document_tags
        (created_at, document_id, tag_id) 
    values
        (?, ?, ?)
2026-05-21T11:45:07.499+09:00 TRACE 26648 --- [demo] [main] org.hibernate.orm.jdbc.bind              : binding parameter (1:TIMESTAMP) <- [2026-05-21T11:45:07.498253900]
2026-05-21T11:45:07.500+09:00 TRACE 26648 --- [demo] [main] org.hibernate.orm.jdbc.bind              : binding parameter (2:BIGINT) <- [3]
2026-05-21T11:45:07.500+09:00 TRACE 26648 --- [demo] [main] org.hibernate.orm.jdbc.bind              : binding parameter (3:BIGINT) <- [4]
2026-05-21T11:45:07.509+09:00 DEBUG 26648 --- [demo] [main] org.hibernate.SQL                        : 
    insert 
    into
        document_tags
        (created_at, document_id, tag_id) 
    values
        (?, ?, ?)
2026-05-21T11:45:07.512+09:00 TRACE 26648 --- [demo] [main] org.hibernate.orm.jdbc.bind              : binding parameter (1:TIMESTAMP) <- [2026-05-21T11:45:07.507830900]
2026-05-21T11:45:07.513+09:00 TRACE 26648 --- [demo] [main] org.hibernate.orm.jdbc.bind              : binding parameter (2:BIGINT) <- [3]
2026-05-21T11:45:07.514+09:00 TRACE 26648 --- [demo] [main] org.hibernate.orm.jdbc.bind              : binding parameter (3:BIGINT) <- [2]
2026-05-21T11:45:07.537+09:00 DEBUG 26648 --- [demo] [main] org.hibernate.SQL                        : 
    insert 
    into
        documents
        (content, created_at, title, updated_at, user_id) 
    values
        (?, ?, ?, ?, ?)
2026-05-21T11:45:07.538+09:00 TRACE 26648 --- [demo] [main] org.hibernate.orm.jdbc.bind              : binding parameter (1:VARCHAR) <- [쿼리 성능을 높이기 위한 인덱스 설계 전략을 설명합니다.]
2026-05-21T11:45:07.538+09:00 TRACE 26648 --- [demo] [main] org.hibernate.orm.jdbc.bind              : binding parameter (2:TIMESTAMP) <- [2026-05-21T11:45:07.536954]
2026-05-21T11:45:07.538+09:00 TRACE 26648 --- [demo] [main] org.hibernate.orm.jdbc.bind              : binding parameter (3:VARCHAR) <- [MySQL 인덱스 최적화]
2026-05-21T11:45:07.538+09:00 TRACE 26648 --- [demo] [main] org.hibernate.orm.jdbc.bind              : binding parameter (4:TIMESTAMP) <- [2026-05-21T11:45:07.536954]
2026-05-21T11:45:07.538+09:00 TRACE 26648 --- [demo] [main] org.hibernate.orm.jdbc.bind              : binding parameter (5:BIGINT) <- [1]
2026-05-21T11:45:07.542+09:00 DEBUG 26648 --- [demo] [main] org.hibernate.SQL                        : 
    insert 
    into
        document_tags
        (created_at, document_id, tag_id) 
    values
        (?, ?, ?)
2026-05-21T11:45:07.542+09:00 TRACE 26648 --- [demo] [main] org.hibernate.orm.jdbc.bind              : binding parameter (1:TIMESTAMP) <- [2026-05-21T11:45:07.541774300]
2026-05-21T11:45:07.542+09:00 TRACE 26648 --- [demo] [main] org.hibernate.orm.jdbc.bind              : binding parameter (2:BIGINT) <- [4]
2026-05-21T11:45:07.542+09:00 TRACE 26648 --- [demo] [main] org.hibernate.orm.jdbc.bind              : binding parameter (3:BIGINT) <- [8]
2026-05-21T11:45:07.547+09:00 DEBUG 26648 --- [demo] [main] org.hibernate.SQL                        : 
    insert 
    into
        document_tags
        (created_at, document_id, tag_id) 
    values
        (?, ?, ?)
2026-05-21T11:45:07.548+09:00 TRACE 26648 --- [demo] [main] org.hibernate.orm.jdbc.bind              : binding parameter (1:TIMESTAMP) <- [2026-05-21T11:45:07.546780700]
2026-05-21T11:45:07.548+09:00 TRACE 26648 --- [demo] [main] org.hibernate.orm.jdbc.bind              : binding parameter (2:BIGINT) <- [4]
2026-05-21T11:45:07.548+09:00 TRACE 26648 --- [demo] [main] org.hibernate.orm.jdbc.bind              : binding parameter (3:BIGINT) <- [5]
2026-05-21T11:45:07.565+09:00 DEBUG 26648 --- [demo] [main] org.hibernate.SQL                        : 
    insert 
    into
        documents
        (content, created_at, title, updated_at, user_id) 
    values
        (?, ?, ?, ?, ?)
2026-05-21T11:45:07.566+09:00 TRACE 26648 --- [demo] [main] org.hibernate.orm.jdbc.bind              : binding parameter (1:VARCHAR) <- [JWT 기반 인증과 Spring Security 필터 체인을 구성합니다.]
2026-05-21T11:45:07.567+09:00 TRACE 26648 --- [demo] [main] org.hibernate.orm.jdbc.bind              : binding parameter (2:TIMESTAMP) <- [2026-05-21T11:45:07.565053]
2026-05-21T11:45:07.568+09:00 TRACE 26648 --- [demo] [main] org.hibernate.orm.jdbc.bind              : binding parameter (3:VARCHAR) <- [Spring Security 기본 설정]
2026-05-21T11:45:07.568+09:00 TRACE 26648 --- [demo] [main] org.hibernate.orm.jdbc.bind              : binding parameter (4:TIMESTAMP) <- [2026-05-21T11:45:07.565053]
2026-05-21T11:45:07.568+09:00 TRACE 26648 --- [demo] [main] org.hibernate.orm.jdbc.bind              : binding parameter (5:BIGINT) <- [1]
2026-05-21T11:45:07.575+09:00 DEBUG 26648 --- [demo] [main] org.hibernate.SQL                        : 
    insert 
    into
        document_tags
        (created_at, document_id, tag_id) 
    values
        (?, ?, ?)
2026-05-21T11:45:07.575+09:00 TRACE 26648 --- [demo] [main] org.hibernate.orm.jdbc.bind              : binding parameter (1:TIMESTAMP) <- [2026-05-21T11:45:07.575687600]
2026-05-21T11:45:07.575+09:00 TRACE 26648 --- [demo] [main] org.hibernate.orm.jdbc.bind              : binding parameter (2:BIGINT) <- [5]
2026-05-21T11:45:07.575+09:00 TRACE 26648 --- [demo] [main] org.hibernate.orm.jdbc.bind              : binding parameter (3:BIGINT) <- [6]
2026-05-21T11:45:07.588+09:00 DEBUG 26648 --- [demo] [main] org.hibernate.SQL                        : 
    insert 
    into
        document_tags
        (created_at, document_id, tag_id) 
    values
        (?, ?, ?)
2026-05-21T11:45:07.588+09:00 TRACE 26648 --- [demo] [main] org.hibernate.orm.jdbc.bind              : binding parameter (1:TIMESTAMP) <- [2026-05-21T11:45:07.587887]
2026-05-21T11:45:07.588+09:00 TRACE 26648 --- [demo] [main] org.hibernate.orm.jdbc.bind              : binding parameter (2:BIGINT) <- [5]
2026-05-21T11:45:07.589+09:00 TRACE 26648 --- [demo] [main] org.hibernate.orm.jdbc.bind              : binding parameter (3:BIGINT) <- [2]
2026-05-21T11:45:07.600+09:00 DEBUG 26648 --- [demo] [main] org.hibernate.SQL                        : 
    insert 
    into
        documents
        (content, created_at, title, updated_at, user_id) 
    values
        (?, ?, ?, ?, ?)
2026-05-21T11:45:07.600+09:00 TRACE 26648 --- [demo] [main] org.hibernate.orm.jdbc.bind              : binding parameter (1:VARCHAR) <- [Spring Cache와 Redis를 연동하여 조회 성능을 개선합니다.]
2026-05-21T11:45:07.601+09:00 TRACE 26648 --- [demo] [main] org.hibernate.orm.jdbc.bind              : binding parameter (2:TIMESTAMP) <- [2026-05-21T11:45:07.600012200]
2026-05-21T11:45:07.601+09:00 TRACE 26648 --- [demo] [main] org.hibernate.orm.jdbc.bind              : binding parameter (3:VARCHAR) <- [Redis 캐시 적용하기]
2026-05-21T11:45:07.601+09:00 TRACE 26648 --- [demo] [main] org.hibernate.orm.jdbc.bind              : binding parameter (4:TIMESTAMP) <- [2026-05-21T11:45:07.600012200]
2026-05-21T11:45:07.601+09:00 TRACE 26648 --- [demo] [main] org.hibernate.orm.jdbc.bind              : binding parameter (5:BIGINT) <- [1]
2026-05-21T11:45:07.604+09:00 DEBUG 26648 --- [demo] [main] org.hibernate.SQL                        : 
    insert 
    into
        document_tags
        (created_at, document_id, tag_id) 
    values
        (?, ?, ?)
2026-05-21T11:45:07.604+09:00 TRACE 26648 --- [demo] [main] org.hibernate.orm.jdbc.bind              : binding parameter (1:TIMESTAMP) <- [2026-05-21T11:45:07.604346500]
2026-05-21T11:45:07.604+09:00 TRACE 26648 --- [demo] [main] org.hibernate.orm.jdbc.bind              : binding parameter (2:BIGINT) <- [6]
2026-05-21T11:45:07.605+09:00 TRACE 26648 --- [demo] [main] org.hibernate.orm.jdbc.bind              : binding parameter (3:BIGINT) <- [7]
2026-05-21T11:45:07.608+09:00 DEBUG 26648 --- [demo] [main] org.hibernate.SQL                        : 
    insert 
    into
        document_tags
        (created_at, document_id, tag_id) 
    values
        (?, ?, ?)
2026-05-21T11:45:07.609+09:00 TRACE 26648 --- [demo] [main] org.hibernate.orm.jdbc.bind              : binding parameter (1:TIMESTAMP) <- [2026-05-21T11:45:07.607896300]
2026-05-21T11:45:07.609+09:00 TRACE 26648 --- [demo] [main] org.hibernate.orm.jdbc.bind              : binding parameter (2:BIGINT) <- [6]
2026-05-21T11:45:07.609+09:00 TRACE 26648 --- [demo] [main] org.hibernate.orm.jdbc.bind              : binding parameter (3:BIGINT) <- [2]
2026-05-21T11:45:07.635+09:00 DEBUG 26648 --- [demo] [main] org.hibernate.SQL                        : 
    insert 
    into
        documents
        (content, created_at, title, updated_at, user_id) 
    values
        (?, ?, ?, ?, ?)
2026-05-21T11:45:07.636+09:00 TRACE 26648 --- [demo] [main] org.hibernate.orm.jdbc.bind              : binding parameter (1:VARCHAR) <- [EC2 인스턴스 생성부터 애플리케이션 배포까지 정리합니다.]
2026-05-21T11:45:07.637+09:00 TRACE 26648 --- [demo] [main] org.hibernate.orm.jdbc.bind              : binding parameter (2:TIMESTAMP) <- [2026-05-21T11:45:07.634013600]
2026-05-21T11:45:07.641+09:00 TRACE 26648 --- [demo] [main] org.hibernate.orm.jdbc.bind              : binding parameter (3:VARCHAR) <- [AWS EC2 배포 가이드]
2026-05-21T11:45:07.643+09:00 TRACE 26648 --- [demo] [main] org.hibernate.orm.jdbc.bind              : binding parameter (4:TIMESTAMP) <- [2026-05-21T11:45:07.634013600]
2026-05-21T11:45:07.643+09:00 TRACE 26648 --- [demo] [main] org.hibernate.orm.jdbc.bind              : binding parameter (5:BIGINT) <- [1]
2026-05-21T11:45:07.649+09:00 DEBUG 26648 --- [demo] [main] org.hibernate.SQL                        : 
    insert 
    into
        document_tags
        (created_at, document_id, tag_id) 
    values
        (?, ?, ?)
2026-05-21T11:45:07.650+09:00 TRACE 26648 --- [demo] [main] org.hibernate.orm.jdbc.bind              : binding parameter (1:TIMESTAMP) <- [2026-05-21T11:45:07.648830800]
2026-05-21T11:45:07.650+09:00 TRACE 26648 --- [demo] [main] org.hibernate.orm.jdbc.bind              : binding parameter (2:BIGINT) <- [7]
2026-05-21T11:45:07.650+09:00 TRACE 26648 --- [demo] [main] org.hibernate.orm.jdbc.bind              : binding parameter (3:BIGINT) <- [9]
2026-05-21T11:45:07.654+09:00 DEBUG 26648 --- [demo] [main] org.hibernate.SQL                        : 
    insert 
    into
        document_tags
        (created_at, document_id, tag_id) 
    values
        (?, ?, ?)
2026-05-21T11:45:07.654+09:00 TRACE 26648 --- [demo] [main] org.hibernate.orm.jdbc.bind              : binding parameter (1:TIMESTAMP) <- [2026-05-21T11:45:07.654228100]
2026-05-21T11:45:07.655+09:00 TRACE 26648 --- [demo] [main] org.hibernate.orm.jdbc.bind              : binding parameter (2:BIGINT) <- [7]
2026-05-21T11:45:07.655+09:00 TRACE 26648 --- [demo] [main] org.hibernate.orm.jdbc.bind              : binding parameter (3:BIGINT) <- [4]
2026-05-21T11:45:07.666+09:00 DEBUG 26648 --- [demo] [main] org.hibernate.SQL                        : 
    insert 
    into
        documents
        (content, created_at, title, updated_at, user_id) 
    values
        (?, ?, ?, ?, ?)
2026-05-21T11:45:07.666+09:00 TRACE 26648 --- [demo] [main] org.hibernate.orm.jdbc.bind              : binding parameter (1:VARCHAR) <- [GitHub Actions로 테스트 및 배포 자동화 파이프라인을 구성합니다.]
2026-05-21T11:45:07.666+09:00 TRACE 26648 --- [demo] [main] org.hibernate.orm.jdbc.bind              : binding parameter (2:TIMESTAMP) <- [2026-05-21T11:45:07.666005600]
2026-05-21T11:45:07.667+09:00 TRACE 26648 --- [demo] [main] org.hibernate.orm.jdbc.bind              : binding parameter (3:VARCHAR) <- [GitHub Actions CI/CD]
2026-05-21T11:45:07.667+09:00 TRACE 26648 --- [demo] [main] org.hibernate.orm.jdbc.bind              : binding parameter (4:TIMESTAMP) <- [2026-05-21T11:45:07.666005600]
2026-05-21T11:45:07.667+09:00 TRACE 26648 --- [demo] [main] org.hibernate.orm.jdbc.bind              : binding parameter (5:BIGINT) <- [1]
2026-05-21T11:45:07.674+09:00 DEBUG 26648 --- [demo] [main] org.hibernate.SQL                        : 
    insert 
    into
        document_tags
        (created_at, document_id, tag_id) 
    values
        (?, ?, ?)
2026-05-21T11:45:07.676+09:00 TRACE 26648 --- [demo] [main] org.hibernate.orm.jdbc.bind              : binding parameter (1:TIMESTAMP) <- [2026-05-21T11:45:07.672529900]
2026-05-21T11:45:07.677+09:00 TRACE 26648 --- [demo] [main] org.hibernate.orm.jdbc.bind              : binding parameter (2:BIGINT) <- [8]
2026-05-21T11:45:07.677+09:00 TRACE 26648 --- [demo] [main] org.hibernate.orm.jdbc.bind              : binding parameter (3:BIGINT) <- [10]
2026-05-21T11:45:07.686+09:00 DEBUG 26648 --- [demo] [main] org.hibernate.SQL                        : 
    insert 
    into
        document_tags
        (created_at, document_id, tag_id) 
    values
        (?, ?, ?)
2026-05-21T11:45:07.687+09:00 TRACE 26648 --- [demo] [main] org.hibernate.orm.jdbc.bind              : binding parameter (1:TIMESTAMP) <- [2026-05-21T11:45:07.684939200]
2026-05-21T11:45:07.687+09:00 TRACE 26648 --- [demo] [main] org.hibernate.orm.jdbc.bind              : binding parameter (2:BIGINT) <- [8]
2026-05-21T11:45:07.687+09:00 TRACE 26648 --- [demo] [main] org.hibernate.orm.jdbc.bind              : binding parameter (3:BIGINT) <- [4]
2026-05-21T11:45:07.702+09:00  INFO 26648 --- [demo] [org.springframework.kafka.KafkaListenerEndpointContainer#0-0-C-1] org.apache.kafka.clients.Metadata        : [Consumer clientId=consumer-click-counter-1, groupId=click-counter] Cluster ID: TvrqXVjhQCK6mFRis1nKtQ
2026-05-21T11:45:07.705+09:00  INFO 26648 --- [demo] [org.springframework.kafka.KafkaListenerEndpointContainer#0-0-C-1] o.a.k.c.c.internals.ConsumerCoordinator  : [Consumer clientId=consumer-click-counter-1, groupId=click-counter] Discovered group coordinator localhost:9092 (id: 2147483646 rack: null)
2026-05-21T11:45:07.708+09:00  INFO 26648 --- [demo] [org.springframework.kafka.KafkaListenerEndpointContainer#0-0-C-1] o.a.k.c.c.internals.ConsumerCoordinator  : [Consumer clientId=consumer-click-counter-1, groupId=click-counter] (Re-)joining group
2026-05-21T11:45:07.709+09:00 DEBUG 26648 --- [demo] [main] org.hibernate.SQL                        : 
    insert 
    into
        documents
        (content, created_at, title, updated_at, user_id) 
    values
        (?, ?, ?, ?, ?)
2026-05-21T11:45:07.710+09:00 TRACE 26648 --- [demo] [main] org.hibernate.orm.jdbc.bind              : binding parameter (1:VARCHAR) <- [Fetch Join과 EntityGraph를 활용한 N+1 문제 해결법을 다룹니다.]
2026-05-21T11:45:07.710+09:00 TRACE 26648 --- [demo] [main] org.hibernate.orm.jdbc.bind              : binding parameter (2:TIMESTAMP) <- [2026-05-21T11:45:07.708835500]
2026-05-21T11:45:07.710+09:00 TRACE 26648 --- [demo] [main] org.hibernate.orm.jdbc.bind              : binding parameter (3:VARCHAR) <- [JPA N+1 문제 해결]
2026-05-21T11:45:07.710+09:00 TRACE 26648 --- [demo] [main] org.hibernate.orm.jdbc.bind              : binding parameter (4:TIMESTAMP) <- [2026-05-21T11:45:07.708835500]
2026-05-21T11:45:07.710+09:00 TRACE 26648 --- [demo] [main] org.hibernate.orm.jdbc.bind              : binding parameter (5:BIGINT) <- [1]
2026-05-21T11:45:07.714+09:00 DEBUG 26648 --- [demo] [main] org.hibernate.SQL                        : 
    insert 
    into
        document_tags
        (created_at, document_id, tag_id) 
    values
        (?, ?, ?)
2026-05-21T11:45:07.715+09:00 TRACE 26648 --- [demo] [main] org.hibernate.orm.jdbc.bind              : binding parameter (1:TIMESTAMP) <- [2026-05-21T11:45:07.714243600]
2026-05-21T11:45:07.715+09:00 TRACE 26648 --- [demo] [main] org.hibernate.orm.jdbc.bind              : binding parameter (2:BIGINT) <- [9]
2026-05-21T11:45:07.715+09:00 TRACE 26648 --- [demo] [main] org.hibernate.orm.jdbc.bind              : binding parameter (3:BIGINT) <- [3]
2026-05-21T11:45:07.717+09:00 DEBUG 26648 --- [demo] [main] org.hibernate.SQL                        : 
    insert 
    into
        document_tags
        (created_at, document_id, tag_id) 
    values
        (?, ?, ?)
2026-05-21T11:45:07.718+09:00 TRACE 26648 --- [demo] [main] org.hibernate.orm.jdbc.bind              : binding parameter (1:TIMESTAMP) <- [2026-05-21T11:45:07.717901600]
2026-05-21T11:45:07.718+09:00 TRACE 26648 --- [demo] [main] org.hibernate.orm.jdbc.bind              : binding parameter (2:BIGINT) <- [9]
2026-05-21T11:45:07.718+09:00 TRACE 26648 --- [demo] [main] org.hibernate.orm.jdbc.bind              : binding parameter (3:BIGINT) <- [2]
2026-05-21T11:45:07.731+09:00 DEBUG 26648 --- [demo] [main] org.hibernate.SQL                        : 
    insert 
    into
        documents
        (content, created_at, title, updated_at, user_id) 
    values
        (?, ?, ?, ?, ?)
2026-05-21T11:45:07.732+09:00 TRACE 26648 --- [demo] [main] org.hibernate.orm.jdbc.bind              : binding parameter (1:VARCHAR) <- [관점 지향 프로그래밍과 Spring AOP의 동작 원리를 설명합니다.]
2026-05-21T11:45:07.732+09:00 TRACE 26648 --- [demo] [main] org.hibernate.orm.jdbc.bind              : binding parameter (2:TIMESTAMP) <- [2026-05-21T11:45:07.730920500]
2026-05-21T11:45:07.733+09:00 TRACE 26648 --- [demo] [main] org.hibernate.orm.jdbc.bind              : binding parameter (3:VARCHAR) <- [Spring AOP 개념 정리]
2026-05-21T11:45:07.733+09:00 TRACE 26648 --- [demo] [main] org.hibernate.orm.jdbc.bind              : binding parameter (4:TIMESTAMP) <- [2026-05-21T11:45:07.730920500]
2026-05-21T11:45:07.733+09:00 TRACE 26648 --- [demo] [main] org.hibernate.orm.jdbc.bind              : binding parameter (5:BIGINT) <- [1]
2026-05-21T11:45:07.734+09:00  INFO 26648 --- [demo] [org.springframework.kafka.KafkaListenerEndpointContainer#0-0-C-1] o.a.k.c.c.internals.ConsumerCoordinator  : [Consumer clientId=consumer-click-counter-1, groupId=click-counter] Request joining group due to: need to re-join with the given member-id: consumer-click-counter-1-44efec03-fa02-42c3-9aef-4559f46a0808
2026-05-21T11:45:07.735+09:00  INFO 26648 --- [demo] [org.springframework.kafka.KafkaListenerEndpointContainer#0-0-C-1] o.a.k.c.c.internals.ConsumerCoordinator  : [Consumer clientId=consumer-click-counter-1, groupId=click-counter] (Re-)joining group
2026-05-21T11:45:07.742+09:00 DEBUG 26648 --- [demo] [main] org.hibernate.SQL                        : 
    insert 
    into
        document_tags
        (created_at, document_id, tag_id) 
    values
        (?, ?, ?)
2026-05-21T11:45:07.742+09:00 TRACE 26648 --- [demo] [main] org.hibernate.orm.jdbc.bind              : binding parameter (1:TIMESTAMP) <- [2026-05-21T11:45:07.741036300]
2026-05-21T11:45:07.743+09:00 TRACE 26648 --- [demo] [main] org.hibernate.orm.jdbc.bind              : binding parameter (2:BIGINT) <- [10]
2026-05-21T11:45:07.743+09:00 TRACE 26648 --- [demo] [main] org.hibernate.orm.jdbc.bind              : binding parameter (3:BIGINT) <- [2]
2026-05-21T11:45:07.755+09:00 DEBUG 26648 --- [demo] [main] org.hibernate.SQL                        : 
    insert 
    into
        document_tags
        (created_at, document_id, tag_id) 
    values
        (?, ?, ?)
2026-05-21T11:45:07.756+09:00 TRACE 26648 --- [demo] [main] org.hibernate.orm.jdbc.bind              : binding parameter (1:TIMESTAMP) <- [2026-05-21T11:45:07.754015400]
2026-05-21T11:45:07.756+09:00 TRACE 26648 --- [demo] [main] org.hibernate.orm.jdbc.bind              : binding parameter (2:BIGINT) <- [10]
2026-05-21T11:45:07.757+09:00 TRACE 26648 --- [demo] [main] org.hibernate.orm.jdbc.bind              : binding parameter (3:BIGINT) <- [1]
2026-05-21T11:45:07.770+09:00 DEBUG 26648 --- [demo] [main] org.hibernate.SQL                        : 
    insert 
    into
        documents
        (content, created_at, title, updated_at, user_id) 
    values
        (?, ?, ?, ?, ?)
2026-05-21T11:45:07.770+09:00 TRACE 26648 --- [demo] [main] org.hibernate.orm.jdbc.bind              : binding parameter (1:VARCHAR) <- [Stream API를 이용한 컬렉션 처리 패턴을 예제와 함께 소개합니다.]
2026-05-21T11:45:07.770+09:00 TRACE 26648 --- [demo] [main] org.hibernate.orm.jdbc.bind              : binding parameter (2:TIMESTAMP) <- [2026-05-21T11:45:07.769777100]
2026-05-21T11:45:07.770+09:00 TRACE 26648 --- [demo] [main] org.hibernate.orm.jdbc.bind              : binding parameter (3:VARCHAR) <- [Java Stream API 활용]
2026-05-21T11:45:07.770+09:00 TRACE 26648 --- [demo] [main] org.hibernate.orm.jdbc.bind              : binding parameter (4:TIMESTAMP) <- [2026-05-21T11:45:07.769777100]
2026-05-21T11:45:07.770+09:00 TRACE 26648 --- [demo] [main] org.hibernate.orm.jdbc.bind              : binding parameter (5:BIGINT) <- [1]
2026-05-21T11:45:07.774+09:00 DEBUG 26648 --- [demo] [main] org.hibernate.SQL                        : 
    insert 
    into
        document_tags
        (created_at, document_id, tag_id) 
    values
        (?, ?, ?)
2026-05-21T11:45:07.774+09:00 TRACE 26648 --- [demo] [main] org.hibernate.orm.jdbc.bind              : binding parameter (1:TIMESTAMP) <- [2026-05-21T11:45:07.773574200]
2026-05-21T11:45:07.774+09:00 TRACE 26648 --- [demo] [main] org.hibernate.orm.jdbc.bind              : binding parameter (2:BIGINT) <- [11]
2026-05-21T11:45:07.774+09:00 TRACE 26648 --- [demo] [main] org.hibernate.orm.jdbc.bind              : binding parameter (3:BIGINT) <- [1]
2026-05-21T11:45:07.784+09:00 DEBUG 26648 --- [demo] [main] org.hibernate.SQL                        : 
    insert 
    into
        documents
        (content, created_at, title, updated_at, user_id) 
    values
        (?, ?, ?, ?, ?)
2026-05-21T11:45:07.785+09:00 TRACE 26648 --- [demo] [main] org.hibernate.orm.jdbc.bind              : binding parameter (1:VARCHAR) <- [docker-compose로 Spring + MySQL + Redis 환경을 구성합니다.]
2026-05-21T11:45:07.785+09:00 TRACE 26648 --- [demo] [main] org.hibernate.orm.jdbc.bind              : binding parameter (2:TIMESTAMP) <- [2026-05-21T11:45:07.783760200]
2026-05-21T11:45:07.785+09:00 TRACE 26648 --- [demo] [main] org.hibernate.orm.jdbc.bind              : binding parameter (3:VARCHAR) <- [Docker Compose 멀티 컨테이너]
2026-05-21T11:45:07.785+09:00 TRACE 26648 --- [demo] [main] org.hibernate.orm.jdbc.bind              : binding parameter (4:TIMESTAMP) <- [2026-05-21T11:45:07.783760200]
2026-05-21T11:45:07.785+09:00 TRACE 26648 --- [demo] [main] org.hibernate.orm.jdbc.bind              : binding parameter (5:BIGINT) <- [1]
2026-05-21T11:45:07.793+09:00 DEBUG 26648 --- [demo] [main] org.hibernate.SQL                        : 
    insert 
    into
        document_tags
        (created_at, document_id, tag_id) 
    values
        (?, ?, ?)
2026-05-21T11:45:07.794+09:00 TRACE 26648 --- [demo] [main] org.hibernate.orm.jdbc.bind              : binding parameter (1:TIMESTAMP) <- [2026-05-21T11:45:07.791364700]
2026-05-21T11:45:07.794+09:00 TRACE 26648 --- [demo] [main] org.hibernate.orm.jdbc.bind              : binding parameter (2:BIGINT) <- [12]
2026-05-21T11:45:07.794+09:00 TRACE 26648 --- [demo] [main] org.hibernate.orm.jdbc.bind              : binding parameter (3:BIGINT) <- [4]
2026-05-21T11:45:07.803+09:00 DEBUG 26648 --- [demo] [main] org.hibernate.SQL                        : 
    insert 
    into
        document_tags
        (created_at, document_id, tag_id) 
    values
        (?, ?, ?)
2026-05-21T11:45:07.805+09:00 TRACE 26648 --- [demo] [main] org.hibernate.orm.jdbc.bind              : binding parameter (1:TIMESTAMP) <- [2026-05-21T11:45:07.802225700]
2026-05-21T11:45:07.807+09:00 TRACE 26648 --- [demo] [main] org.hibernate.orm.jdbc.bind              : binding parameter (2:BIGINT) <- [12]
2026-05-21T11:45:07.808+09:00 TRACE 26648 --- [demo] [main] org.hibernate.orm.jdbc.bind              : binding parameter (3:BIGINT) <- [8]
2026-05-21T11:45:07.814+09:00 DEBUG 26648 --- [demo] [main] org.hibernate.SQL                        : 
    insert 
    into
        document_tags
        (created_at, document_id, tag_id) 
    values
        (?, ?, ?)
2026-05-21T11:45:07.815+09:00 TRACE 26648 --- [demo] [main] org.hibernate.orm.jdbc.bind              : binding parameter (1:TIMESTAMP) <- [2026-05-21T11:45:07.814246]
2026-05-21T11:45:07.815+09:00 TRACE 26648 --- [demo] [main] org.hibernate.orm.jdbc.bind              : binding parameter (2:BIGINT) <- [12]
2026-05-21T11:45:07.815+09:00 TRACE 26648 --- [demo] [main] org.hibernate.orm.jdbc.bind              : binding parameter (3:BIGINT) <- [7]
2026-05-21T11:45:07.826+09:00 DEBUG 26648 --- [demo] [main] org.hibernate.SQL                        : 
    insert 
    into
        documents
        (content, created_at, title, updated_at, user_id) 
    values
        (?, ?, ?, ?, ?)
2026-05-21T11:45:07.826+09:00 TRACE 26648 --- [demo] [main] org.hibernate.orm.jdbc.bind              : binding parameter (1:VARCHAR) <- [대용량 데이터 처리를 위한 Spring Batch Job 구성 방법입니다.]
2026-05-21T11:45:07.826+09:00 TRACE 26648 --- [demo] [main] org.hibernate.orm.jdbc.bind              : binding parameter (2:TIMESTAMP) <- [2026-05-21T11:45:07.825682200]
2026-05-21T11:45:07.827+09:00 TRACE 26648 --- [demo] [main] org.hibernate.orm.jdbc.bind              : binding parameter (3:VARCHAR) <- [Spring Batch 기초]
2026-05-21T11:45:07.827+09:00 TRACE 26648 --- [demo] [main] org.hibernate.orm.jdbc.bind              : binding parameter (4:TIMESTAMP) <- [2026-05-21T11:45:07.825682200]
2026-05-21T11:45:07.827+09:00 TRACE 26648 --- [demo] [main] org.hibernate.orm.jdbc.bind              : binding parameter (5:BIGINT) <- [1]
2026-05-21T11:45:07.830+09:00 DEBUG 26648 --- [demo] [main] org.hibernate.SQL                        : 
    insert 
    into
        document_tags
        (created_at, document_id, tag_id) 
    values
        (?, ?, ?)
2026-05-21T11:45:07.830+09:00 TRACE 26648 --- [demo] [main] org.hibernate.orm.jdbc.bind              : binding parameter (1:TIMESTAMP) <- [2026-05-21T11:45:07.830145400]
2026-05-21T11:45:07.830+09:00 TRACE 26648 --- [demo] [main] org.hibernate.orm.jdbc.bind              : binding parameter (2:BIGINT) <- [13]
2026-05-21T11:45:07.830+09:00 TRACE 26648 --- [demo] [main] org.hibernate.orm.jdbc.bind              : binding parameter (3:BIGINT) <- [2]
2026-05-21T11:45:07.834+09:00 DEBUG 26648 --- [demo] [main] org.hibernate.SQL                        : 
    insert 
    into
        document_tags
        (created_at, document_id, tag_id) 
    values
        (?, ?, ?)
2026-05-21T11:45:07.834+09:00 TRACE 26648 --- [demo] [main] org.hibernate.orm.jdbc.bind              : binding parameter (1:TIMESTAMP) <- [2026-05-21T11:45:07.834207700]
2026-05-21T11:45:07.834+09:00 TRACE 26648 --- [demo] [main] org.hibernate.orm.jdbc.bind              : binding parameter (2:BIGINT) <- [13]
2026-05-21T11:45:07.834+09:00 TRACE 26648 --- [demo] [main] org.hibernate.orm.jdbc.bind              : binding parameter (3:BIGINT) <- [1]
2026-05-21T11:45:07.850+09:00 DEBUG 26648 --- [demo] [main] org.hibernate.SQL                        : 
    insert 
    into
        documents
        (content, created_at, title, updated_at, user_id) 
    values
        (?, ?, ?, ?, ?)
2026-05-21T11:45:07.851+09:00 TRACE 26648 --- [demo] [main] org.hibernate.orm.jdbc.bind              : binding parameter (1:VARCHAR) <- [트랜잭션 격리 수준별 동작 차이와 실무 적용 기준을 정리합니다.]
2026-05-21T11:45:07.852+09:00 TRACE 26648 --- [demo] [main] org.hibernate.orm.jdbc.bind              : binding parameter (2:TIMESTAMP) <- [2026-05-21T11:45:07.849904400]
2026-05-21T11:45:07.852+09:00 TRACE 26648 --- [demo] [main] org.hibernate.orm.jdbc.bind              : binding parameter (3:VARCHAR) <- [MySQL 트랜잭션과 격리 수준]
2026-05-21T11:45:07.853+09:00 TRACE 26648 --- [demo] [main] org.hibernate.orm.jdbc.bind              : binding parameter (4:TIMESTAMP) <- [2026-05-21T11:45:07.849904400]
2026-05-21T11:45:07.854+09:00 TRACE 26648 --- [demo] [main] org.hibernate.orm.jdbc.bind              : binding parameter (5:BIGINT) <- [1]
2026-05-21T11:45:07.864+09:00 DEBUG 26648 --- [demo] [main] org.hibernate.SQL                        : 
    insert 
    into
        document_tags
        (created_at, document_id, tag_id) 
    values
        (?, ?, ?)
2026-05-21T11:45:07.865+09:00 TRACE 26648 --- [demo] [main] org.hibernate.orm.jdbc.bind              : binding parameter (1:TIMESTAMP) <- [2026-05-21T11:45:07.864022900]
2026-05-21T11:45:07.865+09:00 TRACE 26648 --- [demo] [main] org.hibernate.orm.jdbc.bind              : binding parameter (2:BIGINT) <- [14]
2026-05-21T11:45:07.865+09:00 TRACE 26648 --- [demo] [main] org.hibernate.orm.jdbc.bind              : binding parameter (3:BIGINT) <- [8]
2026-05-21T11:45:07.870+09:00 DEBUG 26648 --- [demo] [main] org.hibernate.SQL                        : 
    insert 
    into
        document_tags
        (created_at, document_id, tag_id) 
    values
        (?, ?, ?)
2026-05-21T11:45:07.871+09:00 TRACE 26648 --- [demo] [main] org.hibernate.orm.jdbc.bind              : binding parameter (1:TIMESTAMP) <- [2026-05-21T11:45:07.870031100]
2026-05-21T11:45:07.871+09:00 TRACE 26648 --- [demo] [main] org.hibernate.orm.jdbc.bind              : binding parameter (2:BIGINT) <- [14]
2026-05-21T11:45:07.871+09:00 TRACE 26648 --- [demo] [main] org.hibernate.orm.jdbc.bind              : binding parameter (3:BIGINT) <- [5]
2026-05-21T11:45:07.882+09:00 DEBUG 26648 --- [demo] [main] org.hibernate.SQL                        : 
    insert 
    into
        documents
        (content, created_at, title, updated_at, user_id) 
    values
        (?, ?, ?, ?, ?)
2026-05-21T11:45:07.883+09:00 TRACE 26648 --- [demo] [main] org.hibernate.orm.jdbc.bind              : binding parameter (1:VARCHAR) <- [Spring에서 AWS S3에 파일을 업로드하는 방법을 구현합니다.]
2026-05-21T11:45:07.883+09:00 TRACE 26648 --- [demo] [main] org.hibernate.orm.jdbc.bind              : binding parameter (2:TIMESTAMP) <- [2026-05-21T11:45:07.881543700]
2026-05-21T11:45:07.883+09:00 TRACE 26648 --- [demo] [main] org.hibernate.orm.jdbc.bind              : binding parameter (3:VARCHAR) <- [AWS S3 파일 업로드]
2026-05-21T11:45:07.883+09:00 TRACE 26648 --- [demo] [main] org.hibernate.orm.jdbc.bind              : binding parameter (4:TIMESTAMP) <- [2026-05-21T11:45:07.881543700]
2026-05-21T11:45:07.884+09:00 TRACE 26648 --- [demo] [main] org.hibernate.orm.jdbc.bind              : binding parameter (5:BIGINT) <- [1]
2026-05-21T11:45:07.890+09:00 DEBUG 26648 --- [demo] [main] org.hibernate.SQL                        : 
    insert 
    into
        document_tags
        (created_at, document_id, tag_id) 
    values
        (?, ?, ?)
2026-05-21T11:45:07.890+09:00 TRACE 26648 --- [demo] [main] org.hibernate.orm.jdbc.bind              : binding parameter (1:TIMESTAMP) <- [2026-05-21T11:45:07.890438700]
2026-05-21T11:45:07.890+09:00 TRACE 26648 --- [demo] [main] org.hibernate.orm.jdbc.bind              : binding parameter (2:BIGINT) <- [15]
2026-05-21T11:45:07.890+09:00 TRACE 26648 --- [demo] [main] org.hibernate.orm.jdbc.bind              : binding parameter (3:BIGINT) <- [9]
2026-05-21T11:45:07.895+09:00 DEBUG 26648 --- [demo] [main] org.hibernate.SQL                        : 
    insert 
    into
        document_tags
        (created_at, document_id, tag_id) 
    values
        (?, ?, ?)
2026-05-21T11:45:07.895+09:00 TRACE 26648 --- [demo] [main] org.hibernate.orm.jdbc.bind              : binding parameter (1:TIMESTAMP) <- [2026-05-21T11:45:07.894894700]
2026-05-21T11:45:07.895+09:00 TRACE 26648 --- [demo] [main] org.hibernate.orm.jdbc.bind              : binding parameter (2:BIGINT) <- [15]
2026-05-21T11:45:07.895+09:00 TRACE 26648 --- [demo] [main] org.hibernate.orm.jdbc.bind              : binding parameter (3:BIGINT) <- [2]
2026-05-21T11:45:07.915+09:00 DEBUG 26648 --- [demo] [main] org.hibernate.SQL                        : 
    insert 
    into
        documents
        (content, created_at, title, updated_at, user_id) 
    values
        (?, ?, ?, ?, ?)
2026-05-21T11:45:07.915+09:00 TRACE 26648 --- [demo] [main] org.hibernate.orm.jdbc.bind              : binding parameter (1:VARCHAR) <- [Redisson을 이용한 분산 환경에서의 동시성 제어 방법입니다.]
2026-05-21T11:45:07.915+09:00 TRACE 26648 --- [demo] [main] org.hibernate.orm.jdbc.bind              : binding parameter (2:TIMESTAMP) <- [2026-05-21T11:45:07.915962600]
2026-05-21T11:45:07.915+09:00 TRACE 26648 --- [demo] [main] org.hibernate.orm.jdbc.bind              : binding parameter (3:VARCHAR) <- [Redis 분산 락 구현]
2026-05-21T11:45:07.915+09:00 TRACE 26648 --- [demo] [main] org.hibernate.orm.jdbc.bind              : binding parameter (4:TIMESTAMP) <- [2026-05-21T11:45:07.915962600]
2026-05-21T11:45:07.915+09:00 TRACE 26648 --- [demo] [main] org.hibernate.orm.jdbc.bind              : binding parameter (5:BIGINT) <- [1]
2026-05-21T11:45:07.925+09:00 DEBUG 26648 --- [demo] [main] org.hibernate.SQL                        : 
    insert 
    into
        document_tags
        (created_at, document_id, tag_id) 
    values
        (?, ?, ?)
2026-05-21T11:45:07.926+09:00 TRACE 26648 --- [demo] [main] org.hibernate.orm.jdbc.bind              : binding parameter (1:TIMESTAMP) <- [2026-05-21T11:45:07.925006300]
2026-05-21T11:45:07.926+09:00 TRACE 26648 --- [demo] [main] org.hibernate.orm.jdbc.bind              : binding parameter (2:BIGINT) <- [16]
2026-05-21T11:45:07.927+09:00 TRACE 26648 --- [demo] [main] org.hibernate.orm.jdbc.bind              : binding parameter (3:BIGINT) <- [7]
2026-05-21T11:45:07.929+09:00 DEBUG 26648 --- [demo] [main] org.hibernate.SQL                        : 
    insert 
    into
        document_tags
        (created_at, document_id, tag_id) 
    values
        (?, ?, ?)
2026-05-21T11:45:07.930+09:00 TRACE 26648 --- [demo] [main] org.hibernate.orm.jdbc.bind              : binding parameter (1:TIMESTAMP) <- [2026-05-21T11:45:07.929290200]
2026-05-21T11:45:07.931+09:00 TRACE 26648 --- [demo] [main] org.hibernate.orm.jdbc.bind              : binding parameter (2:BIGINT) <- [16]
2026-05-21T11:45:07.931+09:00 TRACE 26648 --- [demo] [main] org.hibernate.orm.jdbc.bind              : binding parameter (3:BIGINT) <- [5]
2026-05-21T11:45:07.941+09:00 DEBUG 26648 --- [demo] [main] org.hibernate.SQL                        : 
    insert 
    into
        documents
        (content, created_at, title, updated_at, user_id) 
    values
        (?, ?, ?, ?, ?)
2026-05-21T11:45:07.942+09:00 TRACE 26648 --- [demo] [main] org.hibernate.orm.jdbc.bind              : binding parameter (1:VARCHAR) <- [테스트 코드 기반으로 API 문서를 자동 생성하는 방법을 설명합니다.]
2026-05-21T11:45:07.942+09:00 TRACE 26648 --- [demo] [main] org.hibernate.orm.jdbc.bind              : binding parameter (2:TIMESTAMP) <- [2026-05-21T11:45:07.941290900]
2026-05-21T11:45:07.942+09:00 TRACE 26648 --- [demo] [main] org.hibernate.orm.jdbc.bind              : binding parameter (3:VARCHAR) <- [Spring REST Docs 작성]
2026-05-21T11:45:07.942+09:00 TRACE 26648 --- [demo] [main] org.hibernate.orm.jdbc.bind              : binding parameter (4:TIMESTAMP) <- [2026-05-21T11:45:07.941290900]
2026-05-21T11:45:07.942+09:00 TRACE 26648 --- [demo] [main] org.hibernate.orm.jdbc.bind              : binding parameter (5:BIGINT) <- [1]
2026-05-21T11:45:07.944+09:00 DEBUG 26648 --- [demo] [main] org.hibernate.SQL                        : 
    insert 
    into
        document_tags
        (created_at, document_id, tag_id) 
    values
        (?, ?, ?)
2026-05-21T11:45:07.945+09:00 TRACE 26648 --- [demo] [main] org.hibernate.orm.jdbc.bind              : binding parameter (1:TIMESTAMP) <- [2026-05-21T11:45:07.944499400]
2026-05-21T11:45:07.945+09:00 TRACE 26648 --- [demo] [main] org.hibernate.orm.jdbc.bind              : binding parameter (2:BIGINT) <- [17]
2026-05-21T11:45:07.945+09:00 TRACE 26648 --- [demo] [main] org.hibernate.orm.jdbc.bind              : binding parameter (3:BIGINT) <- [2]
2026-05-21T11:45:07.965+09:00 DEBUG 26648 --- [demo] [main] org.hibernate.SQL                        : 
    insert 
    into
        documents
        (content, created_at, title, updated_at, user_id) 
    values
        (?, ?, ?, ?, ?)
2026-05-21T11:45:07.966+09:00 TRACE 26648 --- [demo] [main] org.hibernate.orm.jdbc.bind              : binding parameter (1:VARCHAR) <- [제네릭 타입 파라미터, 와일드카드, 바운디드 타입을 정리합니다.]
2026-05-21T11:45:07.966+09:00 TRACE 26648 --- [demo] [main] org.hibernate.orm.jdbc.bind              : binding parameter (2:TIMESTAMP) <- [2026-05-21T11:45:07.963916700]
2026-05-21T11:45:07.966+09:00 TRACE 26648 --- [demo] [main] org.hibernate.orm.jdbc.bind              : binding parameter (3:VARCHAR) <- [Java 제네릭 완전 정복]
2026-05-21T11:45:07.966+09:00 TRACE 26648 --- [demo] [main] org.hibernate.orm.jdbc.bind              : binding parameter (4:TIMESTAMP) <- [2026-05-21T11:45:07.963916700]
2026-05-21T11:45:07.967+09:00 TRACE 26648 --- [demo] [main] org.hibernate.orm.jdbc.bind              : binding parameter (5:BIGINT) <- [1]
2026-05-21T11:45:07.973+09:00 DEBUG 26648 --- [demo] [main] org.hibernate.SQL                        : 
    insert 
    into
        document_tags
        (created_at, document_id, tag_id) 
    values
        (?, ?, ?)
2026-05-21T11:45:07.973+09:00 TRACE 26648 --- [demo] [main] org.hibernate.orm.jdbc.bind              : binding parameter (1:TIMESTAMP) <- [2026-05-21T11:45:07.973517700]
2026-05-21T11:45:07.973+09:00 TRACE 26648 --- [demo] [main] org.hibernate.orm.jdbc.bind              : binding parameter (2:BIGINT) <- [18]
2026-05-21T11:45:07.973+09:00 TRACE 26648 --- [demo] [main] org.hibernate.orm.jdbc.bind              : binding parameter (3:BIGINT) <- [1]
2026-05-21T11:45:07.988+09:00 DEBUG 26648 --- [demo] [main] org.hibernate.SQL                        : 
    insert 
    into
        documents
        (content, created_at, title, updated_at, user_id) 
    values
        (?, ?, ?, ?, ?)
2026-05-21T11:45:07.988+09:00 TRACE 26648 --- [demo] [main] org.hibernate.orm.jdbc.bind              : binding parameter (1:VARCHAR) <- [타입 안전한 동적 쿼리 작성을 위한 QueryDSL 설정과 예제입니다.]
2026-05-21T11:45:07.989+09:00 TRACE 26648 --- [demo] [main] org.hibernate.orm.jdbc.bind              : binding parameter (2:TIMESTAMP) <- [2026-05-21T11:45:07.988373600]
2026-05-21T11:45:07.989+09:00 TRACE 26648 --- [demo] [main] org.hibernate.orm.jdbc.bind              : binding parameter (3:VARCHAR) <- [JPA QueryDSL 적용]
2026-05-21T11:45:07.989+09:00 TRACE 26648 --- [demo] [main] org.hibernate.orm.jdbc.bind              : binding parameter (4:TIMESTAMP) <- [2026-05-21T11:45:07.988373600]
2026-05-21T11:45:07.989+09:00 TRACE 26648 --- [demo] [main] org.hibernate.orm.jdbc.bind              : binding parameter (5:BIGINT) <- [1]
2026-05-21T11:45:07.992+09:00 DEBUG 26648 --- [demo] [main] org.hibernate.SQL                        : 
    insert 
    into
        document_tags
        (created_at, document_id, tag_id) 
    values
        (?, ?, ?)
2026-05-21T11:45:07.992+09:00 TRACE 26648 --- [demo] [main] org.hibernate.orm.jdbc.bind              : binding parameter (1:TIMESTAMP) <- [2026-05-21T11:45:07.991546600]
2026-05-21T11:45:07.992+09:00 TRACE 26648 --- [demo] [main] org.hibernate.orm.jdbc.bind              : binding parameter (2:BIGINT) <- [19]
2026-05-21T11:45:07.992+09:00 TRACE 26648 --- [demo] [main] org.hibernate.orm.jdbc.bind              : binding parameter (3:BIGINT) <- [3]
2026-05-21T11:45:07.995+09:00 DEBUG 26648 --- [demo] [main] org.hibernate.SQL                        : 
    insert 
    into
        document_tags
        (created_at, document_id, tag_id) 
    values
        (?, ?, ?)
2026-05-21T11:45:07.996+09:00 TRACE 26648 --- [demo] [main] org.hibernate.orm.jdbc.bind              : binding parameter (1:TIMESTAMP) <- [2026-05-21T11:45:07.995109100]
2026-05-21T11:45:07.996+09:00 TRACE 26648 --- [demo] [main] org.hibernate.orm.jdbc.bind              : binding parameter (2:BIGINT) <- [19]
2026-05-21T11:45:07.996+09:00 TRACE 26648 --- [demo] [main] org.hibernate.orm.jdbc.bind              : binding parameter (3:BIGINT) <- [2]
2026-05-21T11:45:08.017+09:00 DEBUG 26648 --- [demo] [main] org.hibernate.SQL                        : 
    insert 
    into
        documents
        (content, created_at, title, updated_at, user_id) 
    values
        (?, ?, ?, ?, ?)
2026-05-21T11:45:08.019+09:00 TRACE 26648 --- [demo] [main] org.hibernate.orm.jdbc.bind              : binding parameter (1:VARCHAR) <- [무중단 배포를 위한 Blue-Green 전략을 GitHub Actions로 구현합니다.]
2026-05-21T11:45:08.019+09:00 TRACE 26648 --- [demo] [main] org.hibernate.orm.jdbc.bind              : binding parameter (2:TIMESTAMP) <- [2026-05-21T11:45:08.015442300]
2026-05-21T11:45:08.020+09:00 TRACE 26648 --- [demo] [main] org.hibernate.orm.jdbc.bind              : binding parameter (3:VARCHAR) <- [CI/CD Blue-Green 배포]
2026-05-21T11:45:08.021+09:00 TRACE 26648 --- [demo] [main] org.hibernate.orm.jdbc.bind              : binding parameter (4:TIMESTAMP) <- [2026-05-21T11:45:08.015442300]
2026-05-21T11:45:08.021+09:00 TRACE 26648 --- [demo] [main] org.hibernate.orm.jdbc.bind              : binding parameter (5:BIGINT) <- [1]
2026-05-21T11:45:08.029+09:00 DEBUG 26648 --- [demo] [main] org.hibernate.SQL                        : 
    insert 
    into
        document_tags
        (created_at, document_id, tag_id) 
    values
        (?, ?, ?)
2026-05-21T11:45:08.029+09:00 TRACE 26648 --- [demo] [main] org.hibernate.orm.jdbc.bind              : binding parameter (1:TIMESTAMP) <- [2026-05-21T11:45:08.029526400]
2026-05-21T11:45:08.029+09:00 TRACE 26648 --- [demo] [main] org.hibernate.orm.jdbc.bind              : binding parameter (2:BIGINT) <- [20]
2026-05-21T11:45:08.029+09:00 TRACE 26648 --- [demo] [main] org.hibernate.orm.jdbc.bind              : binding parameter (3:BIGINT) <- [10]
2026-05-21T11:45:08.034+09:00 DEBUG 26648 --- [demo] [main] org.hibernate.SQL                        : 
    insert 
    into
        document_tags
        (created_at, document_id, tag_id) 
    values
        (?, ?, ?)
2026-05-21T11:45:08.035+09:00 TRACE 26648 --- [demo] [main] org.hibernate.orm.jdbc.bind              : binding parameter (1:TIMESTAMP) <- [2026-05-21T11:45:08.034532700]
2026-05-21T11:45:08.035+09:00 TRACE 26648 --- [demo] [main] org.hibernate.orm.jdbc.bind              : binding parameter (2:BIGINT) <- [20]
2026-05-21T11:45:08.035+09:00 TRACE 26648 --- [demo] [main] org.hibernate.orm.jdbc.bind              : binding parameter (3:BIGINT) <- [9]
2026-05-21T11:45:08.048+09:00 DEBUG 26648 --- [demo] [main] org.hibernate.SQL                        : 
    insert 
    into
        documents
        (content, created_at, title, updated_at, user_id) 
    values
        (?, ?, ?, ?, ?)
2026-05-21T11:45:08.048+09:00 TRACE 26648 --- [demo] [main] org.hibernate.orm.jdbc.bind              : binding parameter (1:VARCHAR) <- [@ControllerAdvice를 활용한 전역 예외 처리 방법을 소개합니다.]
2026-05-21T11:45:08.048+09:00 TRACE 26648 --- [demo] [main] org.hibernate.orm.jdbc.bind              : binding parameter (2:TIMESTAMP) <- [2026-05-21T11:45:08.048105400]
2026-05-21T11:45:08.048+09:00 TRACE 26648 --- [demo] [main] org.hibernate.orm.jdbc.bind              : binding parameter (3:VARCHAR) <- [Spring 예외 처리 전략]
2026-05-21T11:45:08.048+09:00 TRACE 26648 --- [demo] [main] org.hibernate.orm.jdbc.bind              : binding parameter (4:TIMESTAMP) <- [2026-05-21T11:45:08.048105400]
2026-05-21T11:45:08.048+09:00 TRACE 26648 --- [demo] [main] org.hibernate.orm.jdbc.bind              : binding parameter (5:BIGINT) <- [1]
2026-05-21T11:45:08.052+09:00 DEBUG 26648 --- [demo] [main] org.hibernate.SQL                        : 
    insert 
    into
        document_tags
        (created_at, document_id, tag_id) 
    values
        (?, ?, ?)
2026-05-21T11:45:08.053+09:00 TRACE 26648 --- [demo] [main] org.hibernate.orm.jdbc.bind              : binding parameter (1:TIMESTAMP) <- [2026-05-21T11:45:08.052633]
2026-05-21T11:45:08.053+09:00 TRACE 26648 --- [demo] [main] org.hibernate.orm.jdbc.bind              : binding parameter (2:BIGINT) <- [21]
2026-05-21T11:45:08.053+09:00 TRACE 26648 --- [demo] [main] org.hibernate.orm.jdbc.bind              : binding parameter (3:BIGINT) <- [2]
2026-05-21T11:45:08.056+09:00 DEBUG 26648 --- [demo] [main] org.hibernate.SQL                        : 
    insert 
    into
        document_tags
        (created_at, document_id, tag_id) 
    values
        (?, ?, ?)
2026-05-21T11:45:08.057+09:00 TRACE 26648 --- [demo] [main] org.hibernate.orm.jdbc.bind              : binding parameter (1:TIMESTAMP) <- [2026-05-21T11:45:08.056381800]
2026-05-21T11:45:08.057+09:00 TRACE 26648 --- [demo] [main] org.hibernate.orm.jdbc.bind              : binding parameter (2:BIGINT) <- [21]
2026-05-21T11:45:08.057+09:00 TRACE 26648 --- [demo] [main] org.hibernate.orm.jdbc.bind              : binding parameter (3:BIGINT) <- [5]
2026-05-21T11:45:08.086+09:00 DEBUG 26648 --- [demo] [main] org.hibernate.SQL                        : 
    insert 
    into
        documents
        (content, created_at, title, updated_at, user_id) 
    values
        (?, ?, ?, ?, ?)
2026-05-21T11:45:08.086+09:00 TRACE 26648 --- [demo] [main] org.hibernate.orm.jdbc.bind              : binding parameter (1:VARCHAR) <- [EXPLAIN을 이용해 쿼리 실행 계획을 읽고 최적화하는 방법입니다.]
2026-05-21T11:45:08.087+09:00 TRACE 26648 --- [demo] [main] org.hibernate.orm.jdbc.bind              : binding parameter (2:TIMESTAMP) <- [2026-05-21T11:45:08.085298100]
2026-05-21T11:45:08.087+09:00 TRACE 26648 --- [demo] [main] org.hibernate.orm.jdbc.bind              : binding parameter (3:VARCHAR) <- [MySQL 실행 계획 분석]
2026-05-21T11:45:08.087+09:00 TRACE 26648 --- [demo] [main] org.hibernate.orm.jdbc.bind              : binding parameter (4:TIMESTAMP) <- [2026-05-21T11:45:08.085298100]
2026-05-21T11:45:08.087+09:00 TRACE 26648 --- [demo] [main] org.hibernate.orm.jdbc.bind              : binding parameter (5:BIGINT) <- [1]
2026-05-21T11:45:08.091+09:00 DEBUG 26648 --- [demo] [main] org.hibernate.SQL                        : 
    insert 
    into
        document_tags
        (created_at, document_id, tag_id) 
    values
        (?, ?, ?)
2026-05-21T11:45:08.092+09:00 TRACE 26648 --- [demo] [main] org.hibernate.orm.jdbc.bind              : binding parameter (1:TIMESTAMP) <- [2026-05-21T11:45:08.091168800]
2026-05-21T11:45:08.092+09:00 TRACE 26648 --- [demo] [main] org.hibernate.orm.jdbc.bind              : binding parameter (2:BIGINT) <- [22]
2026-05-21T11:45:08.092+09:00 TRACE 26648 --- [demo] [main] org.hibernate.orm.jdbc.bind              : binding parameter (3:BIGINT) <- [8]
2026-05-21T11:45:08.101+09:00 DEBUG 26648 --- [demo] [main] org.hibernate.SQL                        : 
    insert 
    into
        documents
        (content, created_at, title, updated_at, user_id) 
    values
        (?, ?, ?, ?, ?)
2026-05-21T11:45:08.102+09:00 TRACE 26648 --- [demo] [main] org.hibernate.orm.jdbc.bind              : binding parameter (1:VARCHAR) <- [synchronized, ReentrantLock, ConcurrentHashMap 활용법을 다룹니다.]
2026-05-21T11:45:08.102+09:00 TRACE 26648 --- [demo] [main] org.hibernate.orm.jdbc.bind              : binding parameter (2:TIMESTAMP) <- [2026-05-21T11:45:08.101190900]
2026-05-21T11:45:08.102+09:00 TRACE 26648 --- [demo] [main] org.hibernate.orm.jdbc.bind              : binding parameter (3:VARCHAR) <- [Java 동시성 프로그래밍]
2026-05-21T11:45:08.102+09:00 TRACE 26648 --- [demo] [main] org.hibernate.orm.jdbc.bind              : binding parameter (4:TIMESTAMP) <- [2026-05-21T11:45:08.101190900]
2026-05-21T11:45:08.102+09:00 TRACE 26648 --- [demo] [main] org.hibernate.orm.jdbc.bind              : binding parameter (5:BIGINT) <- [1]
2026-05-21T11:45:08.106+09:00 DEBUG 26648 --- [demo] [main] org.hibernate.SQL                        : 
    insert 
    into
        document_tags
        (created_at, document_id, tag_id) 
    values
        (?, ?, ?)
2026-05-21T11:45:08.107+09:00 TRACE 26648 --- [demo] [main] org.hibernate.orm.jdbc.bind              : binding parameter (1:TIMESTAMP) <- [2026-05-21T11:45:08.105991700]
2026-05-21T11:45:08.107+09:00 TRACE 26648 --- [demo] [main] org.hibernate.orm.jdbc.bind              : binding parameter (2:BIGINT) <- [23]
2026-05-21T11:45:08.107+09:00 TRACE 26648 --- [demo] [main] org.hibernate.orm.jdbc.bind              : binding parameter (3:BIGINT) <- [1]
2026-05-21T11:45:08.111+09:00 DEBUG 26648 --- [demo] [main] org.hibernate.SQL                        : 
    insert 
    into
        document_tags
        (created_at, document_id, tag_id) 
    values
        (?, ?, ?)
2026-05-21T11:45:08.112+09:00 TRACE 26648 --- [demo] [main] org.hibernate.orm.jdbc.bind              : binding parameter (1:TIMESTAMP) <- [2026-05-21T11:45:08.110381100]
2026-05-21T11:45:08.112+09:00 TRACE 26648 --- [demo] [main] org.hibernate.orm.jdbc.bind              : binding parameter (2:BIGINT) <- [23]
2026-05-21T11:45:08.112+09:00 TRACE 26648 --- [demo] [main] org.hibernate.orm.jdbc.bind              : binding parameter (3:BIGINT) <- [5]
2026-05-21T11:45:08.142+09:00 DEBUG 26648 --- [demo] [main] org.hibernate.SQL                        : 
    insert 
    into
        documents
        (content, created_at, title, updated_at, user_id) 
    values
        (?, ?, ?, ?, ?)
2026-05-21T11:45:08.142+09:00 TRACE 26648 --- [demo] [main] org.hibernate.orm.jdbc.bind              : binding parameter (1:VARCHAR) <- [리액티브 프로그래밍과 WebFlux의 기본 개념을 소개합니다.]
2026-05-21T11:45:08.142+09:00 TRACE 26648 --- [demo] [main] org.hibernate.orm.jdbc.bind              : binding parameter (2:TIMESTAMP) <- [2026-05-21T11:45:08.141883500]
2026-05-21T11:45:08.143+09:00 TRACE 26648 --- [demo] [main] org.hibernate.orm.jdbc.bind              : binding parameter (3:VARCHAR) <- [Spring WebFlux 입문]
2026-05-21T11:45:08.143+09:00 TRACE 26648 --- [demo] [main] org.hibernate.orm.jdbc.bind              : binding parameter (4:TIMESTAMP) <- [2026-05-21T11:45:08.141883500]
2026-05-21T11:45:08.143+09:00 TRACE 26648 --- [demo] [main] org.hibernate.orm.jdbc.bind              : binding parameter (5:BIGINT) <- [1]
2026-05-21T11:45:08.147+09:00 DEBUG 26648 --- [demo] [main] org.hibernate.SQL                        : 
    insert 
    into
        document_tags
        (created_at, document_id, tag_id) 
    values
        (?, ?, ?)
2026-05-21T11:45:08.148+09:00 TRACE 26648 --- [demo] [main] org.hibernate.orm.jdbc.bind              : binding parameter (1:TIMESTAMP) <- [2026-05-21T11:45:08.147959800]
2026-05-21T11:45:08.148+09:00 TRACE 26648 --- [demo] [main] org.hibernate.orm.jdbc.bind              : binding parameter (2:BIGINT) <- [24]
2026-05-21T11:45:08.149+09:00 TRACE 26648 --- [demo] [main] org.hibernate.orm.jdbc.bind              : binding parameter (3:BIGINT) <- [2]
2026-05-21T11:45:08.152+09:00 DEBUG 26648 --- [demo] [main] org.hibernate.SQL                        : 
    insert 
    into
        document_tags
        (created_at, document_id, tag_id) 
    values
        (?, ?, ?)
2026-05-21T11:45:08.152+09:00 TRACE 26648 --- [demo] [main] org.hibernate.orm.jdbc.bind              : binding parameter (1:TIMESTAMP) <- [2026-05-21T11:45:08.151513400]
2026-05-21T11:45:08.152+09:00 TRACE 26648 --- [demo] [main] org.hibernate.orm.jdbc.bind              : binding parameter (2:BIGINT) <- [24]
2026-05-21T11:45:08.152+09:00 TRACE 26648 --- [demo] [main] org.hibernate.orm.jdbc.bind              : binding parameter (3:BIGINT) <- [1]
2026-05-21T11:45:08.163+09:00 DEBUG 26648 --- [demo] [main] org.hibernate.SQL                        : 
    insert 
    into
        documents
        (content, created_at, title, updated_at, user_id) 
    values
        (?, ?, ?, ?, ?)
2026-05-21T11:45:08.163+09:00 TRACE 26648 --- [demo] [main] org.hibernate.orm.jdbc.bind              : binding parameter (1:VARCHAR) <- [RDS 파라미터 그룹, 스냅샷, 읽기 복제본 설정 방법을 정리합니다.]
2026-05-21T11:45:08.163+09:00 TRACE 26648 --- [demo] [main] org.hibernate.orm.jdbc.bind              : binding parameter (2:TIMESTAMP) <- [2026-05-21T11:45:08.162841300]
2026-05-21T11:45:08.163+09:00 TRACE 26648 --- [demo] [main] org.hibernate.orm.jdbc.bind              : binding parameter (3:VARCHAR) <- [AWS RDS 운영 가이드]
2026-05-21T11:45:08.164+09:00 TRACE 26648 --- [demo] [main] org.hibernate.orm.jdbc.bind              : binding parameter (4:TIMESTAMP) <- [2026-05-21T11:45:08.162841300]
2026-05-21T11:45:08.164+09:00 TRACE 26648 --- [demo] [main] org.hibernate.orm.jdbc.bind              : binding parameter (5:BIGINT) <- [1]
2026-05-21T11:45:08.167+09:00 DEBUG 26648 --- [demo] [main] org.hibernate.SQL                        : 
    insert 
    into
        document_tags
        (created_at, document_id, tag_id) 
    values
        (?, ?, ?)
2026-05-21T11:45:08.168+09:00 TRACE 26648 --- [demo] [main] org.hibernate.orm.jdbc.bind              : binding parameter (1:TIMESTAMP) <- [2026-05-21T11:45:08.167920600]
2026-05-21T11:45:08.168+09:00 TRACE 26648 --- [demo] [main] org.hibernate.orm.jdbc.bind              : binding parameter (2:BIGINT) <- [25]
2026-05-21T11:45:08.168+09:00 TRACE 26648 --- [demo] [main] org.hibernate.orm.jdbc.bind              : binding parameter (3:BIGINT) <- [9]
2026-05-21T11:45:08.172+09:00 DEBUG 26648 --- [demo] [main] org.hibernate.SQL                        : 
    insert 
    into
        document_tags
        (created_at, document_id, tag_id) 
    values
        (?, ?, ?)
2026-05-21T11:45:08.172+09:00 TRACE 26648 --- [demo] [main] org.hibernate.orm.jdbc.bind              : binding parameter (1:TIMESTAMP) <- [2026-05-21T11:45:08.171807900]
2026-05-21T11:45:08.173+09:00 TRACE 26648 --- [demo] [main] org.hibernate.orm.jdbc.bind              : binding parameter (2:BIGINT) <- [25]
2026-05-21T11:45:08.173+09:00 TRACE 26648 --- [demo] [main] org.hibernate.orm.jdbc.bind              : binding parameter (3:BIGINT) <- [8]
2026-05-21T11:45:08.199+09:00 DEBUG 26648 --- [demo] [main] org.hibernate.SQL                        : 
    insert 
    into
        documents
        (content, created_at, title, updated_at, user_id) 
    values
        (?, ?, ?, ?, ?)
2026-05-21T11:45:08.200+09:00 TRACE 26648 --- [demo] [main] org.hibernate.orm.jdbc.bind              : binding parameter (1:VARCHAR) <- [멀티 스테이지 빌드로 프로덕션 이미지 크기를 줄이는 방법입니다.]
2026-05-21T11:45:08.200+09:00 TRACE 26648 --- [demo] [main] org.hibernate.orm.jdbc.bind              : binding parameter (2:TIMESTAMP) <- [2026-05-21T11:45:08.199222200]
2026-05-21T11:45:08.200+09:00 TRACE 26648 --- [demo] [main] org.hibernate.orm.jdbc.bind              : binding parameter (3:VARCHAR) <- [Docker 이미지 최적화]
2026-05-21T11:45:08.200+09:00 TRACE 26648 --- [demo] [main] org.hibernate.orm.jdbc.bind              : binding parameter (4:TIMESTAMP) <- [2026-05-21T11:45:08.199222200]
2026-05-21T11:45:08.200+09:00 TRACE 26648 --- [demo] [main] org.hibernate.orm.jdbc.bind              : binding parameter (5:BIGINT) <- [1]
2026-05-21T11:45:08.205+09:00 DEBUG 26648 --- [demo] [main] org.hibernate.SQL                        : 
    insert 
    into
        document_tags
        (created_at, document_id, tag_id) 
    values
        (?, ?, ?)
2026-05-21T11:45:08.205+09:00 TRACE 26648 --- [demo] [main] org.hibernate.orm.jdbc.bind              : binding parameter (1:TIMESTAMP) <- [2026-05-21T11:45:08.205265200]
2026-05-21T11:45:08.205+09:00 TRACE 26648 --- [demo] [main] org.hibernate.orm.jdbc.bind              : binding parameter (2:BIGINT) <- [26]
2026-05-21T11:45:08.205+09:00 TRACE 26648 --- [demo] [main] org.hibernate.orm.jdbc.bind              : binding parameter (3:BIGINT) <- [4]
2026-05-21T11:45:08.219+09:00 DEBUG 26648 --- [demo] [main] org.hibernate.SQL                        : 
    insert 
    into
        documents
        (content, created_at, title, updated_at, user_id) 
    values
        (?, ?, ?, ?, ?)
2026-05-21T11:45:08.220+09:00 TRACE 26648 --- [demo] [main] org.hibernate.orm.jdbc.bind              : binding parameter (1:VARCHAR) <- [ApplicationEvent와 @EventListener를 활용한 느슨한 결합 설계입니다.]
2026-05-21T11:45:08.220+09:00 TRACE 26648 --- [demo] [main] org.hibernate.orm.jdbc.bind              : binding parameter (2:TIMESTAMP) <- [2026-05-21T11:45:08.218884300]
2026-05-21T11:45:08.221+09:00 TRACE 26648 --- [demo] [main] org.hibernate.orm.jdbc.bind              : binding parameter (3:VARCHAR) <- [Spring 이벤트 드리븐 설계]
2026-05-21T11:45:08.221+09:00 TRACE 26648 --- [demo] [main] org.hibernate.orm.jdbc.bind              : binding parameter (4:TIMESTAMP) <- [2026-05-21T11:45:08.218884300]
2026-05-21T11:45:08.221+09:00 TRACE 26648 --- [demo] [main] org.hibernate.orm.jdbc.bind              : binding parameter (5:BIGINT) <- [1]
2026-05-21T11:45:08.224+09:00 DEBUG 26648 --- [demo] [main] org.hibernate.SQL                        : 
    insert 
    into
        document_tags
        (created_at, document_id, tag_id) 
    values
        (?, ?, ?)
2026-05-21T11:45:08.224+09:00 TRACE 26648 --- [demo] [main] org.hibernate.orm.jdbc.bind              : binding parameter (1:TIMESTAMP) <- [2026-05-21T11:45:08.224265300]
2026-05-21T11:45:08.225+09:00 TRACE 26648 --- [demo] [main] org.hibernate.orm.jdbc.bind              : binding parameter (2:BIGINT) <- [27]
2026-05-21T11:45:08.225+09:00 TRACE 26648 --- [demo] [main] org.hibernate.orm.jdbc.bind              : binding parameter (3:BIGINT) <- [2]
2026-05-21T11:45:08.231+09:00 DEBUG 26648 --- [demo] [main] org.hibernate.SQL                        : 
    insert 
    into
        document_tags
        (created_at, document_id, tag_id) 
    values
        (?, ?, ?)
2026-05-21T11:45:08.232+09:00 TRACE 26648 --- [demo] [main] org.hibernate.orm.jdbc.bind              : binding parameter (1:TIMESTAMP) <- [2026-05-21T11:45:08.229807]
2026-05-21T11:45:08.232+09:00 TRACE 26648 --- [demo] [main] org.hibernate.orm.jdbc.bind              : binding parameter (2:BIGINT) <- [27]
2026-05-21T11:45:08.232+09:00 TRACE 26648 --- [demo] [main] org.hibernate.orm.jdbc.bind              : binding parameter (3:BIGINT) <- [5]
2026-05-21T11:45:08.268+09:00 DEBUG 26648 --- [demo] [main] org.hibernate.SQL                        : 
    insert 
    into
        documents
        (content, created_at, title, updated_at, user_id) 
    values
        (?, ?, ?, ?, ?)
2026-05-21T11:45:08.269+09:00 TRACE 26648 --- [demo] [main] org.hibernate.orm.jdbc.bind              : binding parameter (1:VARCHAR) <- [벌크 업데이트/삭제 시 영속성 컨텍스트 동기화 문제를 설명합니다.]
2026-05-21T11:45:08.269+09:00 TRACE 26648 --- [demo] [main] org.hibernate.orm.jdbc.bind              : binding parameter (2:TIMESTAMP) <- [2026-05-21T11:45:08.268179600]
2026-05-21T11:45:08.269+09:00 TRACE 26648 --- [demo] [main] org.hibernate.orm.jdbc.bind              : binding parameter (3:VARCHAR) <- [JPA 벌크 연산 주의사항]
2026-05-21T11:45:08.270+09:00 TRACE 26648 --- [demo] [main] org.hibernate.orm.jdbc.bind              : binding parameter (4:TIMESTAMP) <- [2026-05-21T11:45:08.268179600]
2026-05-21T11:45:08.270+09:00 TRACE 26648 --- [demo] [main] org.hibernate.orm.jdbc.bind              : binding parameter (5:BIGINT) <- [1]
2026-05-21T11:45:08.274+09:00 DEBUG 26648 --- [demo] [main] org.hibernate.SQL                        : 
    insert 
    into
        document_tags
        (created_at, document_id, tag_id) 
    values
        (?, ?, ?)
2026-05-21T11:45:08.275+09:00 TRACE 26648 --- [demo] [main] org.hibernate.orm.jdbc.bind              : binding parameter (1:TIMESTAMP) <- [2026-05-21T11:45:08.274459600]
2026-05-21T11:45:08.275+09:00 TRACE 26648 --- [demo] [main] org.hibernate.orm.jdbc.bind              : binding parameter (2:BIGINT) <- [28]
2026-05-21T11:45:08.275+09:00 TRACE 26648 --- [demo] [main] org.hibernate.orm.jdbc.bind              : binding parameter (3:BIGINT) <- [3]
2026-05-21T11:45:08.291+09:00 DEBUG 26648 --- [demo] [main] org.hibernate.SQL                        : 
    insert 
    into
        documents
        (content, created_at, title, updated_at, user_id) 
    values
        (?, ?, ?, ?, ?)
2026-05-21T11:45:08.292+09:00 TRACE 26648 --- [demo] [main] org.hibernate.orm.jdbc.bind              : binding parameter (1:VARCHAR) <- [Redis Pub/Sub을 이용한 실시간 이벤트 처리 구조를 구현합니다.]
2026-05-21T11:45:08.292+09:00 TRACE 26648 --- [demo] [main] org.hibernate.orm.jdbc.bind              : binding parameter (2:TIMESTAMP) <- [2026-05-21T11:45:08.290903900]
2026-05-21T11:45:08.292+09:00 TRACE 26648 --- [demo] [main] org.hibernate.orm.jdbc.bind              : binding parameter (3:VARCHAR) <- [Redis Pub/Sub 메시징]
2026-05-21T11:45:08.292+09:00 TRACE 26648 --- [demo] [main] org.hibernate.orm.jdbc.bind              : binding parameter (4:TIMESTAMP) <- [2026-05-21T11:45:08.290903900]
2026-05-21T11:45:08.293+09:00 TRACE 26648 --- [demo] [main] org.hibernate.orm.jdbc.bind              : binding parameter (5:BIGINT) <- [1]
2026-05-21T11:45:08.304+09:00 DEBUG 26648 --- [demo] [main] org.hibernate.SQL                        : 
    insert 
    into
        document_tags
        (created_at, document_id, tag_id) 
    values
        (?, ?, ?)
2026-05-21T11:45:08.305+09:00 TRACE 26648 --- [demo] [main] org.hibernate.orm.jdbc.bind              : binding parameter (1:TIMESTAMP) <- [2026-05-21T11:45:08.302085900]
2026-05-21T11:45:08.305+09:00 TRACE 26648 --- [demo] [main] org.hibernate.orm.jdbc.bind              : binding parameter (2:BIGINT) <- [29]
2026-05-21T11:45:08.306+09:00 TRACE 26648 --- [demo] [main] org.hibernate.orm.jdbc.bind              : binding parameter (3:BIGINT) <- [7]
2026-05-21T11:45:08.318+09:00 DEBUG 26648 --- [demo] [main] org.hibernate.SQL                        : 
    insert 
    into
        document_tags
        (created_at, document_id, tag_id) 
    values
        (?, ?, ?)
2026-05-21T11:45:08.319+09:00 TRACE 26648 --- [demo] [main] org.hibernate.orm.jdbc.bind              : binding parameter (1:TIMESTAMP) <- [2026-05-21T11:45:08.317635200]
2026-05-21T11:45:08.320+09:00 TRACE 26648 --- [demo] [main] org.hibernate.orm.jdbc.bind              : binding parameter (2:BIGINT) <- [29]
2026-05-21T11:45:08.321+09:00 TRACE 26648 --- [demo] [main] org.hibernate.orm.jdbc.bind              : binding parameter (3:BIGINT) <- [5]
2026-05-21T11:45:08.333+09:00 DEBUG 26648 --- [demo] [main] org.hibernate.SQL                        : 
    insert 
    into
        documents
        (content, created_at, title, updated_at, user_id) 
    values
        (?, ?, ?, ?, ?)
2026-05-21T11:45:08.334+09:00 TRACE 26648 --- [demo] [main] org.hibernate.orm.jdbc.bind              : binding parameter (1:VARCHAR) <- [태그가 없는 문서도 정상적으로 저장됩니다.]
2026-05-21T11:45:08.334+09:00 TRACE 26648 --- [demo] [main] org.hibernate.orm.jdbc.bind              : binding parameter (2:TIMESTAMP) <- [2026-05-21T11:45:08.332782800]
2026-05-21T11:45:08.334+09:00 TRACE 26648 --- [demo] [main] org.hibernate.orm.jdbc.bind              : binding parameter (3:VARCHAR) <- [태그 없는 문서 예시]
2026-05-21T11:45:08.334+09:00 TRACE 26648 --- [demo] [main] org.hibernate.orm.jdbc.bind              : binding parameter (4:TIMESTAMP) <- [2026-05-21T11:45:08.332782800]
2026-05-21T11:45:08.334+09:00 TRACE 26648 --- [demo] [main] org.hibernate.orm.jdbc.bind              : binding parameter (5:BIGINT) <- [1]
2026-05-21T11:45:08.358+09:00 DEBUG 26648 --- [demo] [main] org.hibernate.SQL                        : 
    select
        count(*) 
    from
        documents d1_0
2026-05-21T11:45:08.377+09:00  INFO 26648 --- [demo] [main] docuTag.global.init.DataInitializer      : [DataInitializer] 테스트 데이터 삽입 완료! 문서 30건 생성됨
2026-05-21T11:45:30.163+09:00  INFO 26648 --- [demo] [org.springframework.kafka.KafkaListenerEndpointContainer#0-0-C-1] o.a.k.c.c.internals.ConsumerCoordinator  : [Consumer clientId=consumer-click-counter-1, groupId=click-counter] Successfully joined group with generation Generation{generationId=4, memberId='consumer-click-counter-1-44efec03-fa02-42c3-9aef-4559f46a0808', protocol='range'}
2026-05-21T11:45:30.181+09:00  INFO 26648 --- [demo] [org.springframework.kafka.KafkaListenerEndpointContainer#0-0-C-1] o.a.k.c.c.internals.ConsumerCoordinator  : [Consumer clientId=consumer-click-counter-1, groupId=click-counter] Finished assignment for group at generation 4: {consumer-click-counter-1-44efec03-fa02-42c3-9aef-4559f46a0808=Assignment(partitions=[frontend-logs-0])}
2026-05-21T11:45:30.219+09:00  INFO 26648 --- [demo] [org.springframework.kafka.KafkaListenerEndpointContainer#0-0-C-1] o.a.k.c.c.internals.ConsumerCoordinator  : [Consumer clientId=consumer-click-counter-1, groupId=click-counter] Successfully synced group in generation Generation{generationId=4, memberId='consumer-click-counter-1-44efec03-fa02-42c3-9aef-4559f46a0808', protocol='range'}
2026-05-21T11:45:30.219+09:00  INFO 26648 --- [demo] [org.springframework.kafka.KafkaListenerEndpointContainer#0-0-C-1] o.a.k.c.c.internals.ConsumerCoordinator  : [Consumer clientId=consumer-click-counter-1, groupId=click-counter] Notifying assignor about the new Assignment(partitions=[frontend-logs-0])
2026-05-21T11:45:30.225+09:00  INFO 26648 --- [demo] [org.springframework.kafka.KafkaListenerEndpointContainer#0-0-C-1] k.c.c.i.ConsumerRebalanceListenerInvoker : [Consumer clientId=consumer-click-counter-1, groupId=click-counter] Adding newly assigned partitions: frontend-logs-0
2026-05-21T11:45:30.252+09:00  INFO 26648 --- [demo] [org.springframework.kafka.KafkaListenerEndpointContainer#0-0-C-1] o.a.k.c.c.internals.ConsumerUtils        : Setting offset for partition frontend-logs-0 to the committed offset FetchPosition{offset=21, offsetEpoch=Optional.empty, currentLeader=LeaderAndEpoch{leader=Optional[localhost:9092 (id: 1 rack: null)], epoch=0}}
2026-05-21T11:45:30.254+09:00  INFO 26648 --- [demo] [org.springframework.kafka.KafkaListenerEndpointContainer#0-0-C-1] o.s.k.l.KafkaMessageListenerContainer    : click-counter: partitions assigned: [frontend-logs-0]
2026-05-21T11:49:17.953+09:00  INFO 26648 --- [demo] [kafka-coordinator-heartbeat-thread | click-counter] o.a.k.c.c.internals.ConsumerCoordinator  : [Consumer clientId=consumer-click-counter-1, groupId=click-counter] Group coordinator localhost:9092 (id: 2147483646 rack: null) is unavailable or invalid due to cause: session timed out without receiving a heartbeat response. isDisconnected: false. Rediscovery will be attempted.
2026-05-21T11:49:17.953+09:00  INFO 26648 --- [demo] [kafka-coordinator-heartbeat-thread | click-counter] o.a.k.c.c.internals.ConsumerCoordinator  : [Consumer clientId=consumer-click-counter-1, groupId=click-counter] Requesting disconnect from last known coordinator localhost:9092 (id: 2147483646 rack: null)
2026-05-21T11:49:17.954+09:00  INFO 26648 --- [demo] [kafka-coordinator-heartbeat-thread | click-counter] org.apache.kafka.clients.NetworkClient   : [Consumer clientId=consumer-click-counter-1, groupId=click-counter] Client requested disconnect from node 2147483646
2026-05-21T11:49:18.247+09:00  INFO 26648 --- [demo] [org.springframework.kafka.KafkaListenerEndpointContainer#0-0-C-1] o.a.k.c.c.internals.ConsumerCoordinator  : [Consumer clientId=consumer-click-counter-1, groupId=click-counter] Discovered group coordinator localhost:9092 (id: 2147483646 rack: null)
2026-05-21T11:49:32.125+09:00  WARN 26648 --- [demo] [HikariPool-1 housekeeper] com.zaxxer.hikari.pool.HikariPool        : HikariPool-1 - Thread starvation or clock leap detected (housekeeper delta=1m34s611ms230µs400ns).
2026-05-21T11:49:46.599+09:00  INFO 28072 --- [demo] [main] docuTag.MainApplication                  : Starting MainApplication using Java 21.0.9 with PID 28072 (C:\Users\rdh04\Project\docuTag\java\build\classes\java\main started by rdh04 in C:\Users\rdh04\Project\docuTag\java)
2026-05-21T11:49:46.599+09:00  INFO 28072 --- [demo] [main] docuTag.MainApplication                  : No active profile set, falling back to 1 default profile: "default"
2026-05-21T11:49:49.067+09:00  INFO 28072 --- [demo] [main] .s.d.r.c.RepositoryConfigurationDelegate : Multiple Spring Data modules found, entering strict repository configuration mode
2026-05-21T11:49:49.071+09:00  INFO 28072 --- [demo] [main] .s.d.r.c.RepositoryConfigurationDelegate : Bootstrapping Spring Data JPA repositories in DEFAULT mode.
2026-05-21T11:49:49.407+09:00  INFO 28072 --- [demo] [main] .s.d.r.c.RepositoryConfigurationDelegate : Finished Spring Data repository scanning in 307 ms. Found 4 JPA repository interfaces.
2026-05-21T11:49:49.439+09:00  INFO 28072 --- [demo] [main] .s.d.r.c.RepositoryConfigurationDelegate : Multiple Spring Data modules found, entering strict repository configuration mode
2026-05-21T11:49:49.439+09:00  INFO 28072 --- [demo] [main] .s.d.r.c.RepositoryConfigurationDelegate : Bootstrapping Spring Data Redis repositories in DEFAULT mode.
2026-05-21T11:49:49.499+09:00  INFO 28072 --- [demo] [main] .RepositoryConfigurationExtensionSupport : Spring Data Redis - Could not safely identify store assignment for repository candidate interface docuTag.domain.document.repository.DocumentRepository; If you want this repository to be a Redis repository, consider annotating your entities with one of these annotations: org.springframework.data.redis.core.RedisHash (preferred), or consider extending one of the following types with your repository: org.springframework.data.keyvalue.repository.KeyValueRepository
2026-05-21T11:49:49.501+09:00  INFO 28072 --- [demo] [main] .RepositoryConfigurationExtensionSupport : Spring Data Redis - Could not safely identify store assignment for repository candidate interface docuTag.domain.jwt.refreshtoken.repository.RefreshTokenRepository; If you want this repository to be a Redis repository, consider annotating your entities with one of these annotations: org.springframework.data.redis.core.RedisHash (preferred), or consider extending one of the following types with your repository: org.springframework.data.keyvalue.repository.KeyValueRepository
2026-05-21T11:49:49.501+09:00  INFO 28072 --- [demo] [main] .RepositoryConfigurationExtensionSupport : Spring Data Redis - Could not safely identify store assignment for repository candidate interface docuTag.domain.tag.repository.TagRepository; If you want this repository to be a Redis repository, consider annotating your entities with one of these annotations: org.springframework.data.redis.core.RedisHash (preferred), or consider extending one of the following types with your repository: org.springframework.data.keyvalue.repository.KeyValueRepository
2026-05-21T11:49:49.501+09:00  INFO 28072 --- [demo] [main] .RepositoryConfigurationExtensionSupport : Spring Data Redis - Could not safely identify store assignment for repository candidate interface docuTag.domain.user.repository.UserRepository; If you want this repository to be a Redis repository, consider annotating your entities with one of these annotations: org.springframework.data.redis.core.RedisHash (preferred), or consider extending one of the following types with your repository: org.springframework.data.keyvalue.repository.KeyValueRepository
2026-05-21T11:49:49.503+09:00  INFO 28072 --- [demo] [main] .s.d.r.c.RepositoryConfigurationDelegate : Finished Spring Data repository scanning in 30 ms. Found 0 Redis repository interfaces.
2026-05-21T11:49:51.297+09:00  INFO 28072 --- [demo] [main] o.s.b.w.embedded.tomcat.TomcatWebServer  : Tomcat initialized with port 8080 (http)
2026-05-21T11:49:51.347+09:00  INFO 28072 --- [demo] [main] o.apache.catalina.core.StandardService   : Starting service [Tomcat]
2026-05-21T11:49:51.348+09:00  INFO 28072 --- [demo] [main] o.apache.catalina.core.StandardEngine    : Starting Servlet engine: [Apache Tomcat/10.1.40]
2026-05-21T11:49:51.589+09:00  INFO 28072 --- [demo] [main] o.a.c.c.C.[Tomcat].[localhost].[/]       : Initializing Spring embedded WebApplicationContext
2026-05-21T11:49:51.589+09:00  INFO 28072 --- [demo] [main] w.s.c.ServletWebServerApplicationContext : Root WebApplicationContext: initialization completed in 4892 ms
2026-05-21T11:49:52.039+09:00  INFO 28072 --- [demo] [main] o.hibernate.jpa.internal.util.LogHelper  : HHH000204: Processing PersistenceUnitInfo [name: default]
2026-05-21T11:49:52.279+09:00  INFO 28072 --- [demo] [main] org.hibernate.Version                    : HHH000412: Hibernate ORM core version 6.6.13.Final
2026-05-21T11:49:52.411+09:00  INFO 28072 --- [demo] [main] o.h.c.internal.RegionFactoryInitiator    : HHH000026: Second-level cache disabled
2026-05-21T11:49:53.243+09:00  INFO 28072 --- [demo] [main] o.s.o.j.p.SpringPersistenceUnitInfo      : No LoadTimeWeaver setup: ignoring JPA class transformer
2026-05-21T11:49:53.312+09:00  INFO 28072 --- [demo] [main] com.zaxxer.hikari.HikariDataSource       : HikariPool-1 - Starting...
2026-05-21T11:49:54.188+09:00  INFO 28072 --- [demo] [main] com.zaxxer.hikari.pool.HikariPool        : HikariPool-1 - Added connection com.mysql.cj.jdbc.ConnectionImpl@5badeda0
2026-05-21T11:49:54.192+09:00  INFO 28072 --- [demo] [main] com.zaxxer.hikari.HikariDataSource       : HikariPool-1 - Start completed.
2026-05-21T11:49:54.436+09:00  WARN 28072 --- [demo] [main] org.hibernate.orm.deprecation            : HHH90000025: MySQLDialect does not need to be specified explicitly using 'hibernate.dialect' (remove the property setting and it will be selected by default)
2026-05-21T11:49:54.519+09:00  INFO 28072 --- [demo] [main] org.hibernate.orm.connections.pooling    : HHH10001005: Database info:
	Database JDBC URL [Connecting through datasource 'HikariDataSource (HikariPool-1)']
	Database driver: undefined/unknown
	Database version: 8.0.42
	Autocommit mode: undefined/unknown
	Isolation level: undefined/unknown
	Minimum pool size: undefined/unknown
	Maximum pool size: undefined/unknown
2026-05-21T11:49:56.536+09:00  INFO 28072 --- [demo] [main] o.h.e.t.j.p.i.JtaPlatformInitiator       : HHH000489: No JTA platform available (set 'hibernate.transaction.jta.platform' to enable JTA platform integration)
2026-05-21T11:49:56.567+09:00 DEBUG 28072 --- [demo] [main] org.hibernate.SQL                        : 
    alter table document_tags 
       drop 
       foreign key fk_document_tag_document
2026-05-21T11:49:56.615+09:00 DEBUG 28072 --- [demo] [main] org.hibernate.SQL                        : 
    alter table document_tags 
       drop 
       foreign key fk_document_tag_tag
2026-05-21T11:49:56.630+09:00 DEBUG 28072 --- [demo] [main] org.hibernate.SQL                        : 
    alter table documents 
       drop 
       foreign key fk_document_user
2026-05-21T11:49:56.653+09:00 DEBUG 28072 --- [demo] [main] org.hibernate.SQL                        : 
    drop table if exists document_tags
2026-05-21T11:49:56.672+09:00 DEBUG 28072 --- [demo] [main] org.hibernate.SQL                        : 
    drop table if exists documents
2026-05-21T11:49:56.704+09:00 DEBUG 28072 --- [demo] [main] org.hibernate.SQL                        : 
    drop table if exists refresh_token
2026-05-21T11:49:56.723+09:00 DEBUG 28072 --- [demo] [main] org.hibernate.SQL                        : 
    drop table if exists tags
2026-05-21T11:49:56.762+09:00 DEBUG 28072 --- [demo] [main] org.hibernate.SQL                        : 
    drop table if exists users
2026-05-21T11:49:56.805+09:00 DEBUG 28072 --- [demo] [main] org.hibernate.SQL                        : 
    create table document_tags (
        created_at datetime(6) not null,
        document_id bigint not null,
        document_tag_id bigint not null auto_increment,
        tag_id bigint not null,
        primary key (document_tag_id)
    ) engine=InnoDB
2026-05-21T11:49:56.847+09:00 DEBUG 28072 --- [demo] [main] org.hibernate.SQL                        : 
    create table documents (
        created_at datetime(6) not null,
        document_id bigint not null auto_increment,
        updated_at datetime(6),
        user_id bigint,
        title varchar(200) not null,
        content TEXT,
        primary key (document_id)
    ) engine=InnoDB
2026-05-21T11:49:56.889+09:00 DEBUG 28072 --- [demo] [main] org.hibernate.SQL                        : 
    create table refresh_token (
        created_at datetime(6),
        expires_at datetime(6) not null,
        id bigint not null auto_increment,
        user_id bigint not null,
        token varchar(255) not null,
        primary key (id)
    ) engine=InnoDB
2026-05-21T11:49:56.959+09:00 DEBUG 28072 --- [demo] [main] org.hibernate.SQL                        : 
    create table tags (
        created_at datetime(6) not null,
        tag_id bigint not null auto_increment,
        tag_name varchar(50) not null,
        primary key (tag_id)
    ) engine=InnoDB
2026-05-21T11:49:57.018+09:00 DEBUG 28072 --- [demo] [main] org.hibernate.SQL                        : 
    create table users (
        created_at datetime(6) not null,
        updated_at datetime(6),
        user_id bigint not null auto_increment,
        oauth_provider varchar(20) not null,
        nickname varchar(50) not null,
        email varchar(100) not null,
        provider_id varchar(100),
        password varchar(200),
        primary key (user_id)
    ) engine=InnoDB
2026-05-21T11:49:57.068+09:00 DEBUG 28072 --- [demo] [main] org.hibernate.SQL                        : 
    create index idx_user_document 
       on documents (user_id, document_id desc)
2026-05-21T11:49:57.099+09:00 DEBUG 28072 --- [demo] [main] org.hibernate.SQL                        : 
    alter table refresh_token 
       add constraint UKr4k4edos30bx9neoq81mdvwph unique (token)
2026-05-21T11:49:57.129+09:00 DEBUG 28072 --- [demo] [main] org.hibernate.SQL                        : 
    create index idx_tags_tag_name 
       on tags (tag_name)
2026-05-21T11:49:57.174+09:00 DEBUG 28072 --- [demo] [main] org.hibernate.SQL                        : 
    alter table tags 
       add constraint UK2c6s9hekidseaj5vbgb3pgy3k unique (tag_name)
2026-05-21T11:49:57.217+09:00 DEBUG 28072 --- [demo] [main] org.hibernate.SQL                        : 
    alter table document_tags 
       add constraint fk_document_tag_document 
       foreign key (document_id) 
       references documents (document_id)
2026-05-21T11:49:57.320+09:00 DEBUG 28072 --- [demo] [main] org.hibernate.SQL                        : 
    alter table document_tags 
       add constraint fk_document_tag_tag 
       foreign key (tag_id) 
       references tags (tag_id)
2026-05-21T11:49:57.409+09:00 DEBUG 28072 --- [demo] [main] org.hibernate.SQL                        : 
    alter table documents 
       add constraint fk_document_user 
       foreign key (user_id) 
       references users (user_id)
2026-05-21T11:49:57.508+09:00  INFO 28072 --- [demo] [main] j.LocalContainerEntityManagerFactoryBean : Initialized JPA EntityManagerFactory for persistence unit 'default'
2026-05-21T11:49:59.009+09:00  INFO 28072 --- [demo] [main] o.s.d.j.r.query.QueryEnhancerFactory     : Hibernate is in classpath; If applicable, HQL parser will be used.
2026-05-21T11:50:01.062+09:00  WARN 28072 --- [demo] [main] JpaBaseConfiguration$JpaWebConfiguration : spring.jpa.open-in-view is enabled by default. Therefore, database queries may be performed during view rendering. Explicitly configure spring.jpa.open-in-view to disable this warning
2026-05-21T11:50:01.120+09:00  INFO 28072 --- [demo] [main] r$InitializeUserDetailsManagerConfigurer : Global AuthenticationManager configured with UserDetailsService bean with name customUserDetailsService
2026-05-21T11:50:01.911+09:00 DEBUG 28072 --- [demo] [main] o.s.s.web.DefaultSecurityFilterChain     : Will secure any request with filters: DisableEncodeUrlFilter, WebAsyncManagerIntegrationFilter, SecurityContextHolderFilter, HeaderWriterFilter, CorsFilter, LogoutFilter, OAuth2AuthorizationRequestRedirectFilter, OAuth2LoginAuthenticationFilter, JwtAuthenticationFilter, RequestCacheAwareFilter, SecurityContextHolderAwareRequestFilter, AnonymousAuthenticationFilter, SessionManagementFilter, ExceptionTranslationFilter, AuthorizationFilter
2026-05-21T11:50:02.864+09:00  INFO 28072 --- [demo] [main] o.s.b.w.embedded.tomcat.TomcatWebServer  : Tomcat started on port 8080 (http) with context path '/'
2026-05-21T11:50:02.937+09:00  INFO 28072 --- [demo] [main] o.a.k.clients.consumer.ConsumerConfig    : ConsumerConfig values: 
	allow.auto.create.topics = true
	auto.commit.interval.ms = 5000
	auto.include.jmx.reporter = true
	auto.offset.reset = earliest
	bootstrap.servers = [localhost:9092]
	check.crcs = true
	client.dns.lookup = use_all_dns_ips
	client.id = consumer-click-counter-1
	client.rack = 
	connections.max.idle.ms = 540000
	default.api.timeout.ms = 60000
	enable.auto.commit = false
	enable.metrics.push = true
	exclude.internal.topics = true
	fetch.max.bytes = 52428800
	fetch.max.wait.ms = 500
	fetch.min.bytes = 1
	group.id = click-counter
	group.instance.id = null
	group.protocol = classic
	group.remote.assignor = null
	heartbeat.interval.ms = 3000
	interceptor.classes = []
	internal.leave.group.on.close = true
	internal.throw.on.fetch.stable.offset.unsupported = false
	isolation.level = read_uncommitted
	key.deserializer = class org.apache.kafka.common.serialization.StringDeserializer
	max.partition.fetch.bytes = 1048576
	max.poll.interval.ms = 300000
	max.poll.records = 500
	metadata.max.age.ms = 300000
	metadata.recovery.strategy = none
	metric.reporters = []
	metrics.num.samples = 2
	metrics.recording.level = INFO
	metrics.sample.window.ms = 30000
	partition.assignment.strategy = [class org.apache.kafka.clients.consumer.RangeAssignor, class org.apache.kafka.clients.consumer.CooperativeStickyAssignor]
	receive.buffer.bytes = 65536
	reconnect.backoff.max.ms = 1000
	reconnect.backoff.ms = 50
	request.timeout.ms = 30000
	retry.backoff.max.ms = 1000
	retry.backoff.ms = 100
	sasl.client.callback.handler.class = null
	sasl.jaas.config = null
	sasl.kerberos.kinit.cmd = /usr/bin/kinit
	sasl.kerberos.min.time.before.relogin = 60000
	sasl.kerberos.service.name = null
	sasl.kerberos.ticket.renew.jitter = 0.05
	sasl.kerberos.ticket.renew.window.factor = 0.8
	sasl.login.callback.handler.class = null
	sasl.login.class = null
	sasl.login.connect.timeout.ms = null
	sasl.login.read.timeout.ms = null
	sasl.login.refresh.buffer.seconds = 300
	sasl.login.refresh.min.period.seconds = 60
	sasl.login.refresh.window.factor = 0.8
	sasl.login.refresh.window.jitter = 0.05
	sasl.login.retry.backoff.max.ms = 10000
	sasl.login.retry.backoff.ms = 100
	sasl.mechanism = GSSAPI
	sasl.oauthbearer.clock.skew.seconds = 30
	sasl.oauthbearer.expected.audience = null
	sasl.oauthbearer.expected.issuer = null
	sasl.oauthbearer.jwks.endpoint.refresh.ms = 3600000
	sasl.oauthbearer.jwks.endpoint.retry.backoff.max.ms = 10000
	sasl.oauthbearer.jwks.endpoint.retry.backoff.ms = 100
	sasl.oauthbearer.jwks.endpoint.url = null
	sasl.oauthbearer.scope.claim.name = scope
	sasl.oauthbearer.sub.claim.name = sub
	sasl.oauthbearer.token.endpoint.url = null
	security.protocol = PLAINTEXT
	security.providers = null
	send.buffer.bytes = 131072
	session.timeout.ms = 45000
	socket.connection.setup.timeout.max.ms = 30000
	socket.connection.setup.timeout.ms = 10000
	ssl.cipher.suites = null
	ssl.enabled.protocols = [TLSv1.2, TLSv1.3]
	ssl.endpoint.identification.algorithm = https
	ssl.engine.factory.class = null
	ssl.key.password = null
	ssl.keymanager.algorithm = SunX509
	ssl.keystore.certificate.chain = null
	ssl.keystore.key = null
	ssl.keystore.location = null
	ssl.keystore.password = null
	ssl.keystore.type = JKS
	ssl.protocol = TLSv1.3
	ssl.provider = null
	ssl.secure.random.implementation = null
	ssl.trustmanager.algorithm = PKIX
	ssl.truststore.certificates = null
	ssl.truststore.location = null
	ssl.truststore.password = null
	ssl.truststore.type = JKS
	value.deserializer = class org.springframework.kafka.support.serializer.JsonDeserializer

2026-05-21T11:50:03.019+09:00  INFO 28072 --- [demo] [main] o.a.k.c.t.i.KafkaMetricsCollector        : initializing Kafka metrics collector
2026-05-21T11:50:03.414+09:00  INFO 28072 --- [demo] [main] o.a.kafka.common.utils.AppInfoParser     : Kafka version: 3.8.1
2026-05-21T11:50:03.414+09:00  INFO 28072 --- [demo] [main] o.a.kafka.common.utils.AppInfoParser     : Kafka commitId: 70d6ff42debf7e17
2026-05-21T11:50:03.414+09:00  INFO 28072 --- [demo] [main] o.a.kafka.common.utils.AppInfoParser     : Kafka startTimeMs: 1779331803414
2026-05-21T11:50:03.424+09:00  INFO 28072 --- [demo] [main] o.a.k.c.c.internals.LegacyKafkaConsumer  : [Consumer clientId=consumer-click-counter-1, groupId=click-counter] Subscribed to topic(s): frontend-logs
2026-05-21T11:50:03.455+09:00  INFO 28072 --- [demo] [main] docuTag.MainApplication                  : Started MainApplication in 17.874 seconds (process running for 19.05)
2026-05-21T11:50:03.612+09:00 DEBUG 28072 --- [demo] [main] org.hibernate.SQL                        : 
    select
        count(*) 
    from
        documents d1_0
2026-05-21T11:50:03.850+09:00 DEBUG 28072 --- [demo] [main] org.hibernate.SQL                        : 
    insert 
    into
        users
        (created_at, email, nickname, oauth_provider, password, provider_id, updated_at) 
    values
        (?, ?, ?, ?, ?, ?, ?)
2026-05-21T11:50:03.850+09:00 TRACE 28072 --- [demo] [main] org.hibernate.orm.jdbc.bind              : binding parameter (1:TIMESTAMP) <- [2026-05-21T11:50:03.826437600]
2026-05-21T11:50:03.850+09:00 TRACE 28072 --- [demo] [main] org.hibernate.orm.jdbc.bind              : binding parameter (2:VARCHAR) <- [rdh1111@naver.com]
2026-05-21T11:50:03.855+09:00 TRACE 28072 --- [demo] [main] org.hibernate.orm.jdbc.bind              : binding parameter (3:VARCHAR) <- [테스트유저]
2026-05-21T11:50:03.855+09:00 TRACE 28072 --- [demo] [main] org.hibernate.orm.jdbc.bind              : binding parameter (4:VARCHAR) <- [local]
2026-05-21T11:50:03.855+09:00 TRACE 28072 --- [demo] [main] org.hibernate.orm.jdbc.bind              : binding parameter (5:VARCHAR) <- [$2a$10$skFwbZf8N3LrGISgIwcQkO7yT7XQBs.SbkF6w.D0ZIwj4QQIY26ae]
2026-05-21T11:50:03.855+09:00 TRACE 28072 --- [demo] [main] org.hibernate.orm.jdbc.bind              : binding parameter (6:VARCHAR) <- [null]
2026-05-21T11:50:03.857+09:00 TRACE 28072 --- [demo] [main] org.hibernate.orm.jdbc.bind              : binding parameter (7:TIMESTAMP) <- [2026-05-21T11:50:03.826437600]
2026-05-21T11:50:03.918+09:00  INFO 28072 --- [demo] [main] docuTag.global.init.DataInitializer      : [DataInitializer] 테스트 유저 생성 완료 - email: rdh1111@naver.com, password: test1234
2026-05-21T11:50:03.919+09:00  INFO 28072 --- [demo] [main] docuTag.global.init.DataInitializer      : [DataInitializer] 테스트 데이터 삽입 시작...
2026-05-21T11:50:03.924+09:00 DEBUG 28072 --- [demo] [main] org.hibernate.SQL                        : 
    insert 
    into
        tags
        (created_at, tag_name) 
    values
        (?, ?)
2026-05-21T11:50:03.925+09:00 TRACE 28072 --- [demo] [main] org.hibernate.orm.jdbc.bind              : binding parameter (1:TIMESTAMP) <- [2026-05-21T11:50:03.923562500]
2026-05-21T11:50:03.925+09:00 TRACE 28072 --- [demo] [main] org.hibernate.orm.jdbc.bind              : binding parameter (2:VARCHAR) <- [Java]
2026-05-21T11:50:03.938+09:00 DEBUG 28072 --- [demo] [main] org.hibernate.SQL                        : 
    insert 
    into
        tags
        (created_at, tag_name) 
    values
        (?, ?)
2026-05-21T11:50:03.941+09:00 TRACE 28072 --- [demo] [main] org.hibernate.orm.jdbc.bind              : binding parameter (1:TIMESTAMP) <- [2026-05-21T11:50:03.937643100]
2026-05-21T11:50:03.941+09:00 TRACE 28072 --- [demo] [main] org.hibernate.orm.jdbc.bind              : binding parameter (2:VARCHAR) <- [Spring]
2026-05-21T11:50:03.946+09:00 DEBUG 28072 --- [demo] [main] org.hibernate.SQL                        : 
    insert 
    into
        tags
        (created_at, tag_name) 
    values
        (?, ?)
2026-05-21T11:50:03.946+09:00 TRACE 28072 --- [demo] [main] org.hibernate.orm.jdbc.bind              : binding parameter (1:TIMESTAMP) <- [2026-05-21T11:50:03.946252100]
2026-05-21T11:50:03.946+09:00 TRACE 28072 --- [demo] [main] org.hibernate.orm.jdbc.bind              : binding parameter (2:VARCHAR) <- [JPA]
2026-05-21T11:50:03.952+09:00 DEBUG 28072 --- [demo] [main] org.hibernate.SQL                        : 
    insert 
    into
        tags
        (created_at, tag_name) 
    values
        (?, ?)
2026-05-21T11:50:03.952+09:00 TRACE 28072 --- [demo] [main] org.hibernate.orm.jdbc.bind              : binding parameter (1:TIMESTAMP) <- [2026-05-21T11:50:03.951578700]
2026-05-21T11:50:03.953+09:00 TRACE 28072 --- [demo] [main] org.hibernate.orm.jdbc.bind              : binding parameter (2:VARCHAR) <- [Docker]
2026-05-21T11:50:03.956+09:00 DEBUG 28072 --- [demo] [main] org.hibernate.SQL                        : 
    insert 
    into
        tags
        (created_at, tag_name) 
    values
        (?, ?)
2026-05-21T11:50:03.957+09:00 TRACE 28072 --- [demo] [main] org.hibernate.orm.jdbc.bind              : binding parameter (1:TIMESTAMP) <- [2026-05-21T11:50:03.956504]
2026-05-21T11:50:03.957+09:00 TRACE 28072 --- [demo] [main] org.hibernate.orm.jdbc.bind              : binding parameter (2:VARCHAR) <- [Backend]
2026-05-21T11:50:03.961+09:00 DEBUG 28072 --- [demo] [main] org.hibernate.SQL                        : 
    insert 
    into
        tags
        (created_at, tag_name) 
    values
        (?, ?)
2026-05-21T11:50:03.962+09:00 TRACE 28072 --- [demo] [main] org.hibernate.orm.jdbc.bind              : binding parameter (1:TIMESTAMP) <- [2026-05-21T11:50:03.960757300]
2026-05-21T11:50:03.963+09:00 TRACE 28072 --- [demo] [main] org.hibernate.orm.jdbc.bind              : binding parameter (2:VARCHAR) <- [Security]
2026-05-21T11:50:03.967+09:00 DEBUG 28072 --- [demo] [main] org.hibernate.SQL                        : 
    insert 
    into
        tags
        (created_at, tag_name) 
    values
        (?, ?)
2026-05-21T11:50:03.967+09:00 TRACE 28072 --- [demo] [main] org.hibernate.orm.jdbc.bind              : binding parameter (1:TIMESTAMP) <- [2026-05-21T11:50:03.966999300]
2026-05-21T11:50:03.967+09:00 TRACE 28072 --- [demo] [main] org.hibernate.orm.jdbc.bind              : binding parameter (2:VARCHAR) <- [Redis]
2026-05-21T11:50:03.975+09:00 DEBUG 28072 --- [demo] [main] org.hibernate.SQL                        : 
    insert 
    into
        tags
        (created_at, tag_name) 
    values
        (?, ?)
2026-05-21T11:50:03.977+09:00 TRACE 28072 --- [demo] [main] org.hibernate.orm.jdbc.bind              : binding parameter (1:TIMESTAMP) <- [2026-05-21T11:50:03.974061700]
2026-05-21T11:50:03.979+09:00 TRACE 28072 --- [demo] [main] org.hibernate.orm.jdbc.bind              : binding parameter (2:VARCHAR) <- [MySQL]
2026-05-21T11:50:03.984+09:00 DEBUG 28072 --- [demo] [main] org.hibernate.SQL                        : 
    insert 
    into
        tags
        (created_at, tag_name) 
    values
        (?, ?)
2026-05-21T11:50:03.986+09:00 TRACE 28072 --- [demo] [main] org.hibernate.orm.jdbc.bind              : binding parameter (1:TIMESTAMP) <- [2026-05-21T11:50:03.984386500]
2026-05-21T11:50:03.986+09:00 TRACE 28072 --- [demo] [main] org.hibernate.orm.jdbc.bind              : binding parameter (2:VARCHAR) <- [AWS]
2026-05-21T11:50:03.995+09:00 DEBUG 28072 --- [demo] [main] org.hibernate.SQL                        : 
    insert 
    into
        tags
        (created_at, tag_name) 
    values
        (?, ?)
2026-05-21T11:50:03.996+09:00 TRACE 28072 --- [demo] [main] org.hibernate.orm.jdbc.bind              : binding parameter (1:TIMESTAMP) <- [2026-05-21T11:50:03.994504800]
2026-05-21T11:50:03.998+09:00 TRACE 28072 --- [demo] [main] org.hibernate.orm.jdbc.bind              : binding parameter (2:VARCHAR) <- [CI/CD]
2026-05-21T11:50:04.031+09:00 DEBUG 28072 --- [demo] [main] org.hibernate.SQL                        : 
    insert 
    into
        documents
        (content, created_at, title, updated_at, user_id) 
    values
        (?, ?, ?, ?, ?)
2026-05-21T11:50:04.031+09:00 TRACE 28072 --- [demo] [main] org.hibernate.orm.jdbc.bind              : binding parameter (1:VARCHAR) <- [Spring Boot로 빠르게 프로젝트를 구성하는 방법을 소개합니다.]
2026-05-21T11:50:04.031+09:00 TRACE 28072 --- [demo] [main] org.hibernate.orm.jdbc.bind              : binding parameter (2:TIMESTAMP) <- [2026-05-21T11:50:04.020988700]
2026-05-21T11:50:04.031+09:00 TRACE 28072 --- [demo] [main] org.hibernate.orm.jdbc.bind              : binding parameter (3:VARCHAR) <- [Spring Boot 시작하기]
2026-05-21T11:50:04.031+09:00 TRACE 28072 --- [demo] [main] org.hibernate.orm.jdbc.bind              : binding parameter (4:TIMESTAMP) <- [2026-05-21T11:50:04.020988700]
2026-05-21T11:50:04.031+09:00 TRACE 28072 --- [demo] [main] org.hibernate.orm.jdbc.bind              : binding parameter (5:BIGINT) <- [1]
2026-05-21T11:50:04.043+09:00 DEBUG 28072 --- [demo] [main] org.hibernate.SQL                        : 
    insert 
    into
        document_tags
        (created_at, document_id, tag_id) 
    values
        (?, ?, ?)
2026-05-21T11:50:04.044+09:00 TRACE 28072 --- [demo] [main] org.hibernate.orm.jdbc.bind              : binding parameter (1:TIMESTAMP) <- [2026-05-21T11:50:04.042555900]
2026-05-21T11:50:04.044+09:00 TRACE 28072 --- [demo] [main] org.hibernate.orm.jdbc.bind              : binding parameter (2:BIGINT) <- [1]
2026-05-21T11:50:04.045+09:00 TRACE 28072 --- [demo] [main] org.hibernate.orm.jdbc.bind              : binding parameter (3:BIGINT) <- [2]
2026-05-21T11:50:04.052+09:00 DEBUG 28072 --- [demo] [main] org.hibernate.SQL                        : 
    insert 
    into
        document_tags
        (created_at, document_id, tag_id) 
    values
        (?, ?, ?)
2026-05-21T11:50:04.055+09:00 TRACE 28072 --- [demo] [main] org.hibernate.orm.jdbc.bind              : binding parameter (1:TIMESTAMP) <- [2026-05-21T11:50:04.051009300]
2026-05-21T11:50:04.057+09:00 TRACE 28072 --- [demo] [main] org.hibernate.orm.jdbc.bind              : binding parameter (2:BIGINT) <- [1]
2026-05-21T11:50:04.057+09:00 TRACE 28072 --- [demo] [main] org.hibernate.orm.jdbc.bind              : binding parameter (3:BIGINT) <- [1]
2026-05-21T11:50:04.070+09:00 DEBUG 28072 --- [demo] [main] org.hibernate.SQL                        : 
    insert 
    into
        document_tags
        (created_at, document_id, tag_id) 
    values
        (?, ?, ?)
2026-05-21T11:50:04.071+09:00 TRACE 28072 --- [demo] [main] org.hibernate.orm.jdbc.bind              : binding parameter (1:TIMESTAMP) <- [2026-05-21T11:50:04.069491]
2026-05-21T11:50:04.072+09:00 TRACE 28072 --- [demo] [main] org.hibernate.orm.jdbc.bind              : binding parameter (2:BIGINT) <- [1]
2026-05-21T11:50:04.072+09:00 TRACE 28072 --- [demo] [main] org.hibernate.orm.jdbc.bind              : binding parameter (3:BIGINT) <- [5]
2026-05-21T11:50:04.097+09:00 DEBUG 28072 --- [demo] [main] org.hibernate.SQL                        : 
    insert 
    into
        documents
        (content, created_at, title, updated_at, user_id) 
    values
        (?, ?, ?, ?, ?)
2026-05-21T11:50:04.097+09:00 TRACE 28072 --- [demo] [main] org.hibernate.orm.jdbc.bind              : binding parameter (1:VARCHAR) <- [OneToMany, ManyToOne 등 JPA 연관관계 매핑 방법을 정리합니다.]
2026-05-21T11:50:04.097+09:00 TRACE 28072 --- [demo] [main] org.hibernate.orm.jdbc.bind              : binding parameter (2:TIMESTAMP) <- [2026-05-21T11:50:04.096470200]
2026-05-21T11:50:04.098+09:00 TRACE 28072 --- [demo] [main] org.hibernate.orm.jdbc.bind              : binding parameter (3:VARCHAR) <- [JPA 연관관계 매핑]
2026-05-21T11:50:04.098+09:00 TRACE 28072 --- [demo] [main] org.hibernate.orm.jdbc.bind              : binding parameter (4:TIMESTAMP) <- [2026-05-21T11:50:04.096470200]
2026-05-21T11:50:04.098+09:00 TRACE 28072 --- [demo] [main] org.hibernate.orm.jdbc.bind              : binding parameter (5:BIGINT) <- [1]
2026-05-21T11:50:04.102+09:00 DEBUG 28072 --- [demo] [main] org.hibernate.SQL                        : 
    insert 
    into
        document_tags
        (created_at, document_id, tag_id) 
    values
        (?, ?, ?)
2026-05-21T11:50:04.103+09:00 TRACE 28072 --- [demo] [main] org.hibernate.orm.jdbc.bind              : binding parameter (1:TIMESTAMP) <- [2026-05-21T11:50:04.101909300]
2026-05-21T11:50:04.103+09:00 TRACE 28072 --- [demo] [main] org.hibernate.orm.jdbc.bind              : binding parameter (2:BIGINT) <- [2]
2026-05-21T11:50:04.104+09:00 TRACE 28072 --- [demo] [main] org.hibernate.orm.jdbc.bind              : binding parameter (3:BIGINT) <- [3]
2026-05-21T11:50:04.111+09:00 DEBUG 28072 --- [demo] [main] org.hibernate.SQL                        : 
    insert 
    into
        document_tags
        (created_at, document_id, tag_id) 
    values
        (?, ?, ?)
2026-05-21T11:50:04.112+09:00 TRACE 28072 --- [demo] [main] org.hibernate.orm.jdbc.bind              : binding parameter (1:TIMESTAMP) <- [2026-05-21T11:50:04.110268500]
2026-05-21T11:50:04.113+09:00 TRACE 28072 --- [demo] [main] org.hibernate.orm.jdbc.bind              : binding parameter (2:BIGINT) <- [2]
2026-05-21T11:50:04.113+09:00 TRACE 28072 --- [demo] [main] org.hibernate.orm.jdbc.bind              : binding parameter (3:BIGINT) <- [1]
2026-05-21T11:50:04.141+09:00 DEBUG 28072 --- [demo] [main] org.hibernate.SQL                        : 
    insert 
    into
        documents
        (content, created_at, title, updated_at, user_id) 
    values
        (?, ?, ?, ?, ?)
2026-05-21T11:50:04.142+09:00 TRACE 28072 --- [demo] [main] org.hibernate.orm.jdbc.bind              : binding parameter (1:VARCHAR) <- [Dockerfile 작성부터 컨테이너 실행까지 단계별로 알아봅니다.]
2026-05-21T11:50:04.143+09:00 TRACE 28072 --- [demo] [main] org.hibernate.orm.jdbc.bind              : binding parameter (2:TIMESTAMP) <- [2026-05-21T11:50:04.140809500]
2026-05-21T11:50:04.143+09:00 TRACE 28072 --- [demo] [main] org.hibernate.orm.jdbc.bind              : binding parameter (3:VARCHAR) <- [Docker로 Spring 배포하기]
2026-05-21T11:50:04.143+09:00 TRACE 28072 --- [demo] [main] org.hibernate.orm.jdbc.bind              : binding parameter (4:TIMESTAMP) <- [2026-05-21T11:50:04.140809500]
2026-05-21T11:50:04.143+09:00 TRACE 28072 --- [demo] [main] org.hibernate.orm.jdbc.bind              : binding parameter (5:BIGINT) <- [1]
2026-05-21T11:50:04.150+09:00 DEBUG 28072 --- [demo] [main] org.hibernate.SQL                        : 
    insert 
    into
        document_tags
        (created_at, document_id, tag_id) 
    values
        (?, ?, ?)
2026-05-21T11:50:04.152+09:00 TRACE 28072 --- [demo] [main] org.hibernate.orm.jdbc.bind              : binding parameter (1:TIMESTAMP) <- [2026-05-21T11:50:04.148460100]
2026-05-21T11:50:04.152+09:00 TRACE 28072 --- [demo] [main] org.hibernate.orm.jdbc.bind              : binding parameter (2:BIGINT) <- [3]
2026-05-21T11:50:04.152+09:00 TRACE 28072 --- [demo] [main] org.hibernate.orm.jdbc.bind              : binding parameter (3:BIGINT) <- [4]
2026-05-21T11:50:04.158+09:00 DEBUG 28072 --- [demo] [main] org.hibernate.SQL                        : 
    insert 
    into
        document_tags
        (created_at, document_id, tag_id) 
    values
        (?, ?, ?)
2026-05-21T11:50:04.159+09:00 TRACE 28072 --- [demo] [main] org.hibernate.orm.jdbc.bind              : binding parameter (1:TIMESTAMP) <- [2026-05-21T11:50:04.157662500]
2026-05-21T11:50:04.159+09:00 TRACE 28072 --- [demo] [main] org.hibernate.orm.jdbc.bind              : binding parameter (2:BIGINT) <- [3]
2026-05-21T11:50:04.159+09:00 TRACE 28072 --- [demo] [main] org.hibernate.orm.jdbc.bind              : binding parameter (3:BIGINT) <- [2]
2026-05-21T11:50:04.192+09:00 DEBUG 28072 --- [demo] [main] org.hibernate.SQL                        : 
    insert 
    into
        documents
        (content, created_at, title, updated_at, user_id) 
    values
        (?, ?, ?, ?, ?)
2026-05-21T11:50:04.193+09:00 TRACE 28072 --- [demo] [main] org.hibernate.orm.jdbc.bind              : binding parameter (1:VARCHAR) <- [쿼리 성능을 높이기 위한 인덱스 설계 전략을 설명합니다.]
2026-05-21T11:50:04.193+09:00 TRACE 28072 --- [demo] [main] org.hibernate.orm.jdbc.bind              : binding parameter (2:TIMESTAMP) <- [2026-05-21T11:50:04.191638200]
2026-05-21T11:50:04.194+09:00 TRACE 28072 --- [demo] [main] org.hibernate.orm.jdbc.bind              : binding parameter (3:VARCHAR) <- [MySQL 인덱스 최적화]
2026-05-21T11:50:04.194+09:00 TRACE 28072 --- [demo] [main] org.hibernate.orm.jdbc.bind              : binding parameter (4:TIMESTAMP) <- [2026-05-21T11:50:04.191638200]
2026-05-21T11:50:04.195+09:00 TRACE 28072 --- [demo] [main] org.hibernate.orm.jdbc.bind              : binding parameter (5:BIGINT) <- [1]
2026-05-21T11:50:04.198+09:00 DEBUG 28072 --- [demo] [main] org.hibernate.SQL                        : 
    insert 
    into
        document_tags
        (created_at, document_id, tag_id) 
    values
        (?, ?, ?)
2026-05-21T11:50:04.199+09:00 TRACE 28072 --- [demo] [main] org.hibernate.orm.jdbc.bind              : binding parameter (1:TIMESTAMP) <- [2026-05-21T11:50:04.198833900]
2026-05-21T11:50:04.199+09:00 TRACE 28072 --- [demo] [main] org.hibernate.orm.jdbc.bind              : binding parameter (2:BIGINT) <- [4]
2026-05-21T11:50:04.199+09:00 TRACE 28072 --- [demo] [main] org.hibernate.orm.jdbc.bind              : binding parameter (3:BIGINT) <- [8]
2026-05-21T11:50:04.202+09:00 DEBUG 28072 --- [demo] [main] org.hibernate.SQL                        : 
    insert 
    into
        document_tags
        (created_at, document_id, tag_id) 
    values
        (?, ?, ?)
2026-05-21T11:50:04.202+09:00 TRACE 28072 --- [demo] [main] org.hibernate.orm.jdbc.bind              : binding parameter (1:TIMESTAMP) <- [2026-05-21T11:50:04.202615300]
2026-05-21T11:50:04.204+09:00 TRACE 28072 --- [demo] [main] org.hibernate.orm.jdbc.bind              : binding parameter (2:BIGINT) <- [4]
2026-05-21T11:50:04.204+09:00 TRACE 28072 --- [demo] [main] org.hibernate.orm.jdbc.bind              : binding parameter (3:BIGINT) <- [5]
2026-05-21T11:50:04.227+09:00 DEBUG 28072 --- [demo] [main] org.hibernate.SQL                        : 
    insert 
    into
        documents
        (content, created_at, title, updated_at, user_id) 
    values
        (?, ?, ?, ?, ?)
2026-05-21T11:50:04.228+09:00 TRACE 28072 --- [demo] [main] org.hibernate.orm.jdbc.bind              : binding parameter (1:VARCHAR) <- [JWT 기반 인증과 Spring Security 필터 체인을 구성합니다.]
2026-05-21T11:50:04.229+09:00 TRACE 28072 --- [demo] [main] org.hibernate.orm.jdbc.bind              : binding parameter (2:TIMESTAMP) <- [2026-05-21T11:50:04.225651800]
2026-05-21T11:50:04.229+09:00 TRACE 28072 --- [demo] [main] org.hibernate.orm.jdbc.bind              : binding parameter (3:VARCHAR) <- [Spring Security 기본 설정]
2026-05-21T11:50:04.229+09:00 TRACE 28072 --- [demo] [main] org.hibernate.orm.jdbc.bind              : binding parameter (4:TIMESTAMP) <- [2026-05-21T11:50:04.225651800]
2026-05-21T11:50:04.229+09:00 TRACE 28072 --- [demo] [main] org.hibernate.orm.jdbc.bind              : binding parameter (5:BIGINT) <- [1]
2026-05-21T11:50:04.248+09:00 DEBUG 28072 --- [demo] [main] org.hibernate.SQL                        : 
    insert 
    into
        document_tags
        (created_at, document_id, tag_id) 
    values
        (?, ?, ?)
2026-05-21T11:50:04.248+09:00 TRACE 28072 --- [demo] [main] org.hibernate.orm.jdbc.bind              : binding parameter (1:TIMESTAMP) <- [2026-05-21T11:50:04.248348700]
2026-05-21T11:50:04.248+09:00 TRACE 28072 --- [demo] [main] org.hibernate.orm.jdbc.bind              : binding parameter (2:BIGINT) <- [5]
2026-05-21T11:50:04.248+09:00 TRACE 28072 --- [demo] [main] org.hibernate.orm.jdbc.bind              : binding parameter (3:BIGINT) <- [6]
2026-05-21T11:50:04.255+09:00 DEBUG 28072 --- [demo] [main] org.hibernate.SQL                        : 
    insert 
    into
        document_tags
        (created_at, document_id, tag_id) 
    values
        (?, ?, ?)
2026-05-21T11:50:04.256+09:00 TRACE 28072 --- [demo] [main] org.hibernate.orm.jdbc.bind              : binding parameter (1:TIMESTAMP) <- [2026-05-21T11:50:04.255203300]
2026-05-21T11:50:04.257+09:00 TRACE 28072 --- [demo] [main] org.hibernate.orm.jdbc.bind              : binding parameter (2:BIGINT) <- [5]
2026-05-21T11:50:04.257+09:00 TRACE 28072 --- [demo] [main] org.hibernate.orm.jdbc.bind              : binding parameter (3:BIGINT) <- [2]
2026-05-21T11:50:04.272+09:00 DEBUG 28072 --- [demo] [main] org.hibernate.SQL                        : 
    insert 
    into
        documents
        (content, created_at, title, updated_at, user_id) 
    values
        (?, ?, ?, ?, ?)
2026-05-21T11:50:04.273+09:00 TRACE 28072 --- [demo] [main] org.hibernate.orm.jdbc.bind              : binding parameter (1:VARCHAR) <- [Spring Cache와 Redis를 연동하여 조회 성능을 개선합니다.]
2026-05-21T11:50:04.273+09:00 TRACE 28072 --- [demo] [main] org.hibernate.orm.jdbc.bind              : binding parameter (2:TIMESTAMP) <- [2026-05-21T11:50:04.271604]
2026-05-21T11:50:04.273+09:00 TRACE 28072 --- [demo] [main] org.hibernate.orm.jdbc.bind              : binding parameter (3:VARCHAR) <- [Redis 캐시 적용하기]
2026-05-21T11:50:04.274+09:00 TRACE 28072 --- [demo] [main] org.hibernate.orm.jdbc.bind              : binding parameter (4:TIMESTAMP) <- [2026-05-21T11:50:04.271604]
2026-05-21T11:50:04.274+09:00 TRACE 28072 --- [demo] [main] org.hibernate.orm.jdbc.bind              : binding parameter (5:BIGINT) <- [1]
2026-05-21T11:50:04.280+09:00  INFO 28072 --- [demo] [org.springframework.kafka.KafkaListenerEndpointContainer#0-0-C-1] org.apache.kafka.clients.Metadata        : [Consumer clientId=consumer-click-counter-1, groupId=click-counter] Cluster ID: TvrqXVjhQCK6mFRis1nKtQ
2026-05-21T11:50:04.281+09:00  INFO 28072 --- [demo] [org.springframework.kafka.KafkaListenerEndpointContainer#0-0-C-1] o.a.k.c.c.internals.ConsumerCoordinator  : [Consumer clientId=consumer-click-counter-1, groupId=click-counter] Discovered group coordinator localhost:9092 (id: 2147483646 rack: null)
2026-05-21T11:50:04.281+09:00 DEBUG 28072 --- [demo] [main] org.hibernate.SQL                        : 
    insert 
    into
        document_tags
        (created_at, document_id, tag_id) 
    values
        (?, ?, ?)
2026-05-21T11:50:04.284+09:00 TRACE 28072 --- [demo] [main] org.hibernate.orm.jdbc.bind              : binding parameter (1:TIMESTAMP) <- [2026-05-21T11:50:04.281805500]
2026-05-21T11:50:04.286+09:00 TRACE 28072 --- [demo] [main] org.hibernate.orm.jdbc.bind              : binding parameter (2:BIGINT) <- [6]
2026-05-21T11:50:04.287+09:00 TRACE 28072 --- [demo] [main] org.hibernate.orm.jdbc.bind              : binding parameter (3:BIGINT) <- [7]
2026-05-21T11:50:04.296+09:00 DEBUG 28072 --- [demo] [main] org.hibernate.SQL                        : 
    insert 
    into
        document_tags
        (created_at, document_id, tag_id) 
    values
        (?, ?, ?)
2026-05-21T11:50:04.296+09:00  INFO 28072 --- [demo] [org.springframework.kafka.KafkaListenerEndpointContainer#0-0-C-1] o.a.k.c.c.internals.ConsumerCoordinator  : [Consumer clientId=consumer-click-counter-1, groupId=click-counter] (Re-)joining group
2026-05-21T11:50:04.297+09:00 TRACE 28072 --- [demo] [main] org.hibernate.orm.jdbc.bind              : binding parameter (1:TIMESTAMP) <- [2026-05-21T11:50:04.295801800]
2026-05-21T11:50:04.297+09:00 TRACE 28072 --- [demo] [main] org.hibernate.orm.jdbc.bind              : binding parameter (2:BIGINT) <- [6]
2026-05-21T11:50:04.297+09:00 TRACE 28072 --- [demo] [main] org.hibernate.orm.jdbc.bind              : binding parameter (3:BIGINT) <- [2]
2026-05-21T11:50:04.313+09:00 DEBUG 28072 --- [demo] [main] org.hibernate.SQL                        : 
    insert 
    into
        documents
        (content, created_at, title, updated_at, user_id) 
    values
        (?, ?, ?, ?, ?)
2026-05-21T11:50:04.313+09:00 TRACE 28072 --- [demo] [main] org.hibernate.orm.jdbc.bind              : binding parameter (1:VARCHAR) <- [EC2 인스턴스 생성부터 애플리케이션 배포까지 정리합니다.]
2026-05-21T11:50:04.314+09:00 TRACE 28072 --- [demo] [main] org.hibernate.orm.jdbc.bind              : binding parameter (2:TIMESTAMP) <- [2026-05-21T11:50:04.313218700]
2026-05-21T11:50:04.314+09:00 TRACE 28072 --- [demo] [main] org.hibernate.orm.jdbc.bind              : binding parameter (3:VARCHAR) <- [AWS EC2 배포 가이드]
2026-05-21T11:50:04.314+09:00 TRACE 28072 --- [demo] [main] org.hibernate.orm.jdbc.bind              : binding parameter (4:TIMESTAMP) <- [2026-05-21T11:50:04.313218700]
2026-05-21T11:50:04.314+09:00 TRACE 28072 --- [demo] [main] org.hibernate.orm.jdbc.bind              : binding parameter (5:BIGINT) <- [1]
2026-05-21T11:50:04.319+09:00 DEBUG 28072 --- [demo] [main] org.hibernate.SQL                        : 
    insert 
    into
        document_tags
        (created_at, document_id, tag_id) 
    values
        (?, ?, ?)
2026-05-21T11:50:04.320+09:00 TRACE 28072 --- [demo] [main] org.hibernate.orm.jdbc.bind              : binding parameter (1:TIMESTAMP) <- [2026-05-21T11:50:04.318694900]
2026-05-21T11:50:04.320+09:00 TRACE 28072 --- [demo] [main] org.hibernate.orm.jdbc.bind              : binding parameter (2:BIGINT) <- [7]
2026-05-21T11:50:04.320+09:00 TRACE 28072 --- [demo] [main] org.hibernate.orm.jdbc.bind              : binding parameter (3:BIGINT) <- [9]
2026-05-21T11:50:04.326+09:00 DEBUG 28072 --- [demo] [main] org.hibernate.SQL                        : 
    insert 
    into
        document_tags
        (created_at, document_id, tag_id) 
    values
        (?, ?, ?)
2026-05-21T11:50:04.326+09:00 TRACE 28072 --- [demo] [main] org.hibernate.orm.jdbc.bind              : binding parameter (1:TIMESTAMP) <- [2026-05-21T11:50:04.325652300]
2026-05-21T11:50:04.327+09:00 TRACE 28072 --- [demo] [main] org.hibernate.orm.jdbc.bind              : binding parameter (2:BIGINT) <- [7]
2026-05-21T11:50:04.327+09:00 TRACE 28072 --- [demo] [main] org.hibernate.orm.jdbc.bind              : binding parameter (3:BIGINT) <- [4]
2026-05-21T11:50:04.333+09:00  INFO 28072 --- [demo] [org.springframework.kafka.KafkaListenerEndpointContainer#0-0-C-1] o.a.k.c.c.internals.ConsumerCoordinator  : [Consumer clientId=consumer-click-counter-1, groupId=click-counter] Request joining group due to: need to re-join with the given member-id: consumer-click-counter-1-8127974f-4ee1-404b-acd4-7318d87ca593
2026-05-21T11:50:04.334+09:00  INFO 28072 --- [demo] [org.springframework.kafka.KafkaListenerEndpointContainer#0-0-C-1] o.a.k.c.c.internals.ConsumerCoordinator  : [Consumer clientId=consumer-click-counter-1, groupId=click-counter] (Re-)joining group
2026-05-21T11:50:04.342+09:00 DEBUG 28072 --- [demo] [main] org.hibernate.SQL                        : 
    insert 
    into
        documents
        (content, created_at, title, updated_at, user_id) 
    values
        (?, ?, ?, ?, ?)
2026-05-21T11:50:04.342+09:00 TRACE 28072 --- [demo] [main] org.hibernate.orm.jdbc.bind              : binding parameter (1:VARCHAR) <- [GitHub Actions로 테스트 및 배포 자동화 파이프라인을 구성합니다.]
2026-05-21T11:50:04.343+09:00 TRACE 28072 --- [demo] [main] org.hibernate.orm.jdbc.bind              : binding parameter (2:TIMESTAMP) <- [2026-05-21T11:50:04.341341]
2026-05-21T11:50:04.343+09:00 TRACE 28072 --- [demo] [main] org.hibernate.orm.jdbc.bind              : binding parameter (3:VARCHAR) <- [GitHub Actions CI/CD]
2026-05-21T11:50:04.343+09:00 TRACE 28072 --- [demo] [main] org.hibernate.orm.jdbc.bind              : binding parameter (4:TIMESTAMP) <- [2026-05-21T11:50:04.341341]
2026-05-21T11:50:04.344+09:00 TRACE 28072 --- [demo] [main] org.hibernate.orm.jdbc.bind              : binding parameter (5:BIGINT) <- [1]
2026-05-21T11:50:04.348+09:00 DEBUG 28072 --- [demo] [main] org.hibernate.SQL                        : 
    insert 
    into
        document_tags
        (created_at, document_id, tag_id) 
    values
        (?, ?, ?)
2026-05-21T11:50:04.349+09:00 TRACE 28072 --- [demo] [main] org.hibernate.orm.jdbc.bind              : binding parameter (1:TIMESTAMP) <- [2026-05-21T11:50:04.348383700]
2026-05-21T11:50:04.349+09:00 TRACE 28072 --- [demo] [main] org.hibernate.orm.jdbc.bind              : binding parameter (2:BIGINT) <- [8]
2026-05-21T11:50:04.349+09:00 TRACE 28072 --- [demo] [main] org.hibernate.orm.jdbc.bind              : binding parameter (3:BIGINT) <- [10]
2026-05-21T11:50:04.352+09:00 DEBUG 28072 --- [demo] [main] org.hibernate.SQL                        : 
    insert 
    into
        document_tags
        (created_at, document_id, tag_id) 
    values
        (?, ?, ?)
2026-05-21T11:50:04.353+09:00 TRACE 28072 --- [demo] [main] org.hibernate.orm.jdbc.bind              : binding parameter (1:TIMESTAMP) <- [2026-05-21T11:50:04.352137]
2026-05-21T11:50:04.354+09:00 TRACE 28072 --- [demo] [main] org.hibernate.orm.jdbc.bind              : binding parameter (2:BIGINT) <- [8]
2026-05-21T11:50:04.354+09:00 TRACE 28072 --- [demo] [main] org.hibernate.orm.jdbc.bind              : binding parameter (3:BIGINT) <- [4]
2026-05-21T11:50:04.367+09:00 DEBUG 28072 --- [demo] [main] org.hibernate.SQL                        : 
    insert 
    into
        documents
        (content, created_at, title, updated_at, user_id) 
    values
        (?, ?, ?, ?, ?)
2026-05-21T11:50:04.368+09:00 TRACE 28072 --- [demo] [main] org.hibernate.orm.jdbc.bind              : binding parameter (1:VARCHAR) <- [Fetch Join과 EntityGraph를 활용한 N+1 문제 해결법을 다룹니다.]
2026-05-21T11:50:04.368+09:00 TRACE 28072 --- [demo] [main] org.hibernate.orm.jdbc.bind              : binding parameter (2:TIMESTAMP) <- [2026-05-21T11:50:04.366988500]
2026-05-21T11:50:04.368+09:00 TRACE 28072 --- [demo] [main] org.hibernate.orm.jdbc.bind              : binding parameter (3:VARCHAR) <- [JPA N+1 문제 해결]
2026-05-21T11:50:04.368+09:00 TRACE 28072 --- [demo] [main] org.hibernate.orm.jdbc.bind              : binding parameter (4:TIMESTAMP) <- [2026-05-21T11:50:04.366988500]
2026-05-21T11:50:04.369+09:00 TRACE 28072 --- [demo] [main] org.hibernate.orm.jdbc.bind              : binding parameter (5:BIGINT) <- [1]
2026-05-21T11:50:04.372+09:00 DEBUG 28072 --- [demo] [main] org.hibernate.SQL                        : 
    insert 
    into
        document_tags
        (created_at, document_id, tag_id) 
    values
        (?, ?, ?)
2026-05-21T11:50:04.374+09:00 TRACE 28072 --- [demo] [main] org.hibernate.orm.jdbc.bind              : binding parameter (1:TIMESTAMP) <- [2026-05-21T11:50:04.372964100]
2026-05-21T11:50:04.374+09:00 TRACE 28072 --- [demo] [main] org.hibernate.orm.jdbc.bind              : binding parameter (2:BIGINT) <- [9]
2026-05-21T11:50:04.374+09:00 TRACE 28072 --- [demo] [main] org.hibernate.orm.jdbc.bind              : binding parameter (3:BIGINT) <- [3]
2026-05-21T11:50:04.378+09:00 DEBUG 28072 --- [demo] [main] org.hibernate.SQL                        : 
    insert 
    into
        document_tags
        (created_at, document_id, tag_id) 
    values
        (?, ?, ?)
2026-05-21T11:50:04.379+09:00 TRACE 28072 --- [demo] [main] org.hibernate.orm.jdbc.bind              : binding parameter (1:TIMESTAMP) <- [2026-05-21T11:50:04.377844]
2026-05-21T11:50:04.379+09:00 TRACE 28072 --- [demo] [main] org.hibernate.orm.jdbc.bind              : binding parameter (2:BIGINT) <- [9]
2026-05-21T11:50:04.379+09:00 TRACE 28072 --- [demo] [main] org.hibernate.orm.jdbc.bind              : binding parameter (3:BIGINT) <- [2]
2026-05-21T11:50:04.392+09:00 DEBUG 28072 --- [demo] [main] org.hibernate.SQL                        : 
    insert 
    into
        documents
        (content, created_at, title, updated_at, user_id) 
    values
        (?, ?, ?, ?, ?)
2026-05-21T11:50:04.393+09:00 TRACE 28072 --- [demo] [main] org.hibernate.orm.jdbc.bind              : binding parameter (1:VARCHAR) <- [관점 지향 프로그래밍과 Spring AOP의 동작 원리를 설명합니다.]
2026-05-21T11:50:04.394+09:00 TRACE 28072 --- [demo] [main] org.hibernate.orm.jdbc.bind              : binding parameter (2:TIMESTAMP) <- [2026-05-21T11:50:04.391790900]
2026-05-21T11:50:04.394+09:00 TRACE 28072 --- [demo] [main] org.hibernate.orm.jdbc.bind              : binding parameter (3:VARCHAR) <- [Spring AOP 개념 정리]
2026-05-21T11:50:04.394+09:00 TRACE 28072 --- [demo] [main] org.hibernate.orm.jdbc.bind              : binding parameter (4:TIMESTAMP) <- [2026-05-21T11:50:04.391790900]
2026-05-21T11:50:04.394+09:00 TRACE 28072 --- [demo] [main] org.hibernate.orm.jdbc.bind              : binding parameter (5:BIGINT) <- [1]
2026-05-21T11:50:04.399+09:00 DEBUG 28072 --- [demo] [main] org.hibernate.SQL                        : 
    insert 
    into
        document_tags
        (created_at, document_id, tag_id) 
    values
        (?, ?, ?)
2026-05-21T11:50:04.400+09:00 TRACE 28072 --- [demo] [main] org.hibernate.orm.jdbc.bind              : binding parameter (1:TIMESTAMP) <- [2026-05-21T11:50:04.398944]
2026-05-21T11:50:04.400+09:00 TRACE 28072 --- [demo] [main] org.hibernate.orm.jdbc.bind              : binding parameter (2:BIGINT) <- [10]
2026-05-21T11:50:04.400+09:00 TRACE 28072 --- [demo] [main] org.hibernate.orm.jdbc.bind              : binding parameter (3:BIGINT) <- [2]
2026-05-21T11:50:04.405+09:00 DEBUG 28072 --- [demo] [main] org.hibernate.SQL                        : 
    insert 
    into
        document_tags
        (created_at, document_id, tag_id) 
    values
        (?, ?, ?)
2026-05-21T11:50:04.406+09:00 TRACE 28072 --- [demo] [main] org.hibernate.orm.jdbc.bind              : binding parameter (1:TIMESTAMP) <- [2026-05-21T11:50:04.404570400]
2026-05-21T11:50:04.407+09:00 TRACE 28072 --- [demo] [main] org.hibernate.orm.jdbc.bind              : binding parameter (2:BIGINT) <- [10]
2026-05-21T11:50:04.407+09:00 TRACE 28072 --- [demo] [main] org.hibernate.orm.jdbc.bind              : binding parameter (3:BIGINT) <- [1]
2026-05-21T11:50:04.432+09:00 DEBUG 28072 --- [demo] [main] org.hibernate.SQL                        : 
    insert 
    into
        documents
        (content, created_at, title, updated_at, user_id) 
    values
        (?, ?, ?, ?, ?)
2026-05-21T11:50:04.437+09:00 TRACE 28072 --- [demo] [main] org.hibernate.orm.jdbc.bind              : binding parameter (1:VARCHAR) <- [Stream API를 이용한 컬렉션 처리 패턴을 예제와 함께 소개합니다.]
2026-05-21T11:50:04.442+09:00 TRACE 28072 --- [demo] [main] org.hibernate.orm.jdbc.bind              : binding parameter (2:TIMESTAMP) <- [2026-05-21T11:50:04.429101900]
2026-05-21T11:50:04.447+09:00 TRACE 28072 --- [demo] [main] org.hibernate.orm.jdbc.bind              : binding parameter (3:VARCHAR) <- [Java Stream API 활용]
2026-05-21T11:50:04.449+09:00 TRACE 28072 --- [demo] [main] org.hibernate.orm.jdbc.bind              : binding parameter (4:TIMESTAMP) <- [2026-05-21T11:50:04.429896600]
2026-05-21T11:50:04.450+09:00 TRACE 28072 --- [demo] [main] org.hibernate.orm.jdbc.bind              : binding parameter (5:BIGINT) <- [1]
2026-05-21T11:50:04.457+09:00 DEBUG 28072 --- [demo] [main] org.hibernate.SQL                        : 
    insert 
    into
        document_tags
        (created_at, document_id, tag_id) 
    values
        (?, ?, ?)
2026-05-21T11:50:04.458+09:00 TRACE 28072 --- [demo] [main] org.hibernate.orm.jdbc.bind              : binding parameter (1:TIMESTAMP) <- [2026-05-21T11:50:04.456652500]
2026-05-21T11:50:04.459+09:00 TRACE 28072 --- [demo] [main] org.hibernate.orm.jdbc.bind              : binding parameter (2:BIGINT) <- [11]
2026-05-21T11:50:04.459+09:00 TRACE 28072 --- [demo] [main] org.hibernate.orm.jdbc.bind              : binding parameter (3:BIGINT) <- [1]
2026-05-21T11:50:04.475+09:00 DEBUG 28072 --- [demo] [main] org.hibernate.SQL                        : 
    insert 
    into
        documents
        (content, created_at, title, updated_at, user_id) 
    values
        (?, ?, ?, ?, ?)
2026-05-21T11:50:04.476+09:00 TRACE 28072 --- [demo] [main] org.hibernate.orm.jdbc.bind              : binding parameter (1:VARCHAR) <- [docker-compose로 Spring + MySQL + Redis 환경을 구성합니다.]
2026-05-21T11:50:04.476+09:00 TRACE 28072 --- [demo] [main] org.hibernate.orm.jdbc.bind              : binding parameter (2:TIMESTAMP) <- [2026-05-21T11:50:04.474192400]
2026-05-21T11:50:04.476+09:00 TRACE 28072 --- [demo] [main] org.hibernate.orm.jdbc.bind              : binding parameter (3:VARCHAR) <- [Docker Compose 멀티 컨테이너]
2026-05-21T11:50:04.476+09:00 TRACE 28072 --- [demo] [main] org.hibernate.orm.jdbc.bind              : binding parameter (4:TIMESTAMP) <- [2026-05-21T11:50:04.474192400]
2026-05-21T11:50:04.477+09:00 TRACE 28072 --- [demo] [main] org.hibernate.orm.jdbc.bind              : binding parameter (5:BIGINT) <- [1]
2026-05-21T11:50:04.483+09:00 DEBUG 28072 --- [demo] [main] org.hibernate.SQL                        : 
    insert 
    into
        document_tags
        (created_at, document_id, tag_id) 
    values
        (?, ?, ?)
2026-05-21T11:50:04.485+09:00 TRACE 28072 --- [demo] [main] org.hibernate.orm.jdbc.bind              : binding parameter (1:TIMESTAMP) <- [2026-05-21T11:50:04.482404900]
2026-05-21T11:50:04.485+09:00 TRACE 28072 --- [demo] [main] org.hibernate.orm.jdbc.bind              : binding parameter (2:BIGINT) <- [12]
2026-05-21T11:50:04.485+09:00 TRACE 28072 --- [demo] [main] org.hibernate.orm.jdbc.bind              : binding parameter (3:BIGINT) <- [4]
2026-05-21T11:50:04.504+09:00 DEBUG 28072 --- [demo] [main] org.hibernate.SQL                        : 
    insert 
    into
        document_tags
        (created_at, document_id, tag_id) 
    values
        (?, ?, ?)
2026-05-21T11:50:04.504+09:00 TRACE 28072 --- [demo] [main] org.hibernate.orm.jdbc.bind              : binding parameter (1:TIMESTAMP) <- [2026-05-21T11:50:04.504241200]
2026-05-21T11:50:04.504+09:00 TRACE 28072 --- [demo] [main] org.hibernate.orm.jdbc.bind              : binding parameter (2:BIGINT) <- [12]
2026-05-21T11:50:04.504+09:00 TRACE 28072 --- [demo] [main] org.hibernate.orm.jdbc.bind              : binding parameter (3:BIGINT) <- [8]
2026-05-21T11:50:04.513+09:00 DEBUG 28072 --- [demo] [main] org.hibernate.SQL                        : 
    insert 
    into
        document_tags
        (created_at, document_id, tag_id) 
    values
        (?, ?, ?)
2026-05-21T11:50:04.514+09:00 TRACE 28072 --- [demo] [main] org.hibernate.orm.jdbc.bind              : binding parameter (1:TIMESTAMP) <- [2026-05-21T11:50:04.512967200]
2026-05-21T11:50:04.514+09:00 TRACE 28072 --- [demo] [main] org.hibernate.orm.jdbc.bind              : binding parameter (2:BIGINT) <- [12]
2026-05-21T11:50:04.514+09:00 TRACE 28072 --- [demo] [main] org.hibernate.orm.jdbc.bind              : binding parameter (3:BIGINT) <- [7]
2026-05-21T11:50:04.524+09:00 DEBUG 28072 --- [demo] [main] org.hibernate.SQL                        : 
    insert 
    into
        documents
        (content, created_at, title, updated_at, user_id) 
    values
        (?, ?, ?, ?, ?)
2026-05-21T11:50:04.524+09:00 TRACE 28072 --- [demo] [main] org.hibernate.orm.jdbc.bind              : binding parameter (1:VARCHAR) <- [대용량 데이터 처리를 위한 Spring Batch Job 구성 방법입니다.]
2026-05-21T11:50:04.524+09:00 TRACE 28072 --- [demo] [main] org.hibernate.orm.jdbc.bind              : binding parameter (2:TIMESTAMP) <- [2026-05-21T11:50:04.523875800]
2026-05-21T11:50:04.524+09:00 TRACE 28072 --- [demo] [main] org.hibernate.orm.jdbc.bind              : binding parameter (3:VARCHAR) <- [Spring Batch 기초]
2026-05-21T11:50:04.524+09:00 TRACE 28072 --- [demo] [main] org.hibernate.orm.jdbc.bind              : binding parameter (4:TIMESTAMP) <- [2026-05-21T11:50:04.523875800]
2026-05-21T11:50:04.524+09:00 TRACE 28072 --- [demo] [main] org.hibernate.orm.jdbc.bind              : binding parameter (5:BIGINT) <- [1]
2026-05-21T11:50:04.527+09:00 DEBUG 28072 --- [demo] [main] org.hibernate.SQL                        : 
    insert 
    into
        document_tags
        (created_at, document_id, tag_id) 
    values
        (?, ?, ?)
2026-05-21T11:50:04.528+09:00 TRACE 28072 --- [demo] [main] org.hibernate.orm.jdbc.bind              : binding parameter (1:TIMESTAMP) <- [2026-05-21T11:50:04.527141500]
2026-05-21T11:50:04.528+09:00 TRACE 28072 --- [demo] [main] org.hibernate.orm.jdbc.bind              : binding parameter (2:BIGINT) <- [13]
2026-05-21T11:50:04.528+09:00 TRACE 28072 --- [demo] [main] org.hibernate.orm.jdbc.bind              : binding parameter (3:BIGINT) <- [2]
2026-05-21T11:50:04.532+09:00 DEBUG 28072 --- [demo] [main] org.hibernate.SQL                        : 
    insert 
    into
        document_tags
        (created_at, document_id, tag_id) 
    values
        (?, ?, ?)
2026-05-21T11:50:04.533+09:00 TRACE 28072 --- [demo] [main] org.hibernate.orm.jdbc.bind              : binding parameter (1:TIMESTAMP) <- [2026-05-21T11:50:04.532125800]
2026-05-21T11:50:04.533+09:00 TRACE 28072 --- [demo] [main] org.hibernate.orm.jdbc.bind              : binding parameter (2:BIGINT) <- [13]
2026-05-21T11:50:04.533+09:00 TRACE 28072 --- [demo] [main] org.hibernate.orm.jdbc.bind              : binding parameter (3:BIGINT) <- [1]
2026-05-21T11:50:04.566+09:00 DEBUG 28072 --- [demo] [main] org.hibernate.SQL                        : 
    insert 
    into
        documents
        (content, created_at, title, updated_at, user_id) 
    values
        (?, ?, ?, ?, ?)
2026-05-21T11:50:04.567+09:00 TRACE 28072 --- [demo] [main] org.hibernate.orm.jdbc.bind              : binding parameter (1:VARCHAR) <- [트랜잭션 격리 수준별 동작 차이와 실무 적용 기준을 정리합니다.]
2026-05-21T11:50:04.567+09:00 TRACE 28072 --- [demo] [main] org.hibernate.orm.jdbc.bind              : binding parameter (2:TIMESTAMP) <- [2026-05-21T11:50:04.565739900]
2026-05-21T11:50:04.567+09:00 TRACE 28072 --- [demo] [main] org.hibernate.orm.jdbc.bind              : binding parameter (3:VARCHAR) <- [MySQL 트랜잭션과 격리 수준]
2026-05-21T11:50:04.567+09:00 TRACE 28072 --- [demo] [main] org.hibernate.orm.jdbc.bind              : binding parameter (4:TIMESTAMP) <- [2026-05-21T11:50:04.565739900]
2026-05-21T11:50:04.567+09:00 TRACE 28072 --- [demo] [main] org.hibernate.orm.jdbc.bind              : binding parameter (5:BIGINT) <- [1]
2026-05-21T11:50:04.571+09:00 DEBUG 28072 --- [demo] [main] org.hibernate.SQL                        : 
    insert 
    into
        document_tags
        (created_at, document_id, tag_id) 
    values
        (?, ?, ?)
2026-05-21T11:50:04.571+09:00 TRACE 28072 --- [demo] [main] org.hibernate.orm.jdbc.bind              : binding parameter (1:TIMESTAMP) <- [2026-05-21T11:50:04.571210100]
2026-05-21T11:50:04.572+09:00 TRACE 28072 --- [demo] [main] org.hibernate.orm.jdbc.bind              : binding parameter (2:BIGINT) <- [14]
2026-05-21T11:50:04.572+09:00 TRACE 28072 --- [demo] [main] org.hibernate.orm.jdbc.bind              : binding parameter (3:BIGINT) <- [8]
2026-05-21T11:50:04.574+09:00 DEBUG 28072 --- [demo] [main] org.hibernate.SQL                        : 
    insert 
    into
        document_tags
        (created_at, document_id, tag_id) 
    values
        (?, ?, ?)
2026-05-21T11:50:04.574+09:00 TRACE 28072 --- [demo] [main] org.hibernate.orm.jdbc.bind              : binding parameter (1:TIMESTAMP) <- [2026-05-21T11:50:04.573913100]
2026-05-21T11:50:04.574+09:00 TRACE 28072 --- [demo] [main] org.hibernate.orm.jdbc.bind              : binding parameter (2:BIGINT) <- [14]
2026-05-21T11:50:04.574+09:00 TRACE 28072 --- [demo] [main] org.hibernate.orm.jdbc.bind              : binding parameter (3:BIGINT) <- [5]
2026-05-21T11:50:04.590+09:00 DEBUG 28072 --- [demo] [main] org.hibernate.SQL                        : 
    insert 
    into
        documents
        (content, created_at, title, updated_at, user_id) 
    values
        (?, ?, ?, ?, ?)
2026-05-21T11:50:04.592+09:00 TRACE 28072 --- [demo] [main] org.hibernate.orm.jdbc.bind              : binding parameter (1:VARCHAR) <- [Spring에서 AWS S3에 파일을 업로드하는 방법을 구현합니다.]
2026-05-21T11:50:04.593+09:00 TRACE 28072 --- [demo] [main] org.hibernate.orm.jdbc.bind              : binding parameter (2:TIMESTAMP) <- [2026-05-21T11:50:04.587880400]
2026-05-21T11:50:04.593+09:00 TRACE 28072 --- [demo] [main] org.hibernate.orm.jdbc.bind              : binding parameter (3:VARCHAR) <- [AWS S3 파일 업로드]
2026-05-21T11:50:04.594+09:00 TRACE 28072 --- [demo] [main] org.hibernate.orm.jdbc.bind              : binding parameter (4:TIMESTAMP) <- [2026-05-21T11:50:04.588445700]
2026-05-21T11:50:04.595+09:00 TRACE 28072 --- [demo] [main] org.hibernate.orm.jdbc.bind              : binding parameter (5:BIGINT) <- [1]
2026-05-21T11:50:04.601+09:00 DEBUG 28072 --- [demo] [main] org.hibernate.SQL                        : 
    insert 
    into
        document_tags
        (created_at, document_id, tag_id) 
    values
        (?, ?, ?)
2026-05-21T11:50:04.601+09:00 TRACE 28072 --- [demo] [main] org.hibernate.orm.jdbc.bind              : binding parameter (1:TIMESTAMP) <- [2026-05-21T11:50:04.600625200]
2026-05-21T11:50:04.601+09:00 TRACE 28072 --- [demo] [main] org.hibernate.orm.jdbc.bind              : binding parameter (2:BIGINT) <- [15]
2026-05-21T11:50:04.602+09:00 TRACE 28072 --- [demo] [main] org.hibernate.orm.jdbc.bind              : binding parameter (3:BIGINT) <- [9]
2026-05-21T11:50:04.609+09:00 DEBUG 28072 --- [demo] [main] org.hibernate.SQL                        : 
    insert 
    into
        document_tags
        (created_at, document_id, tag_id) 
    values
        (?, ?, ?)
2026-05-21T11:50:04.611+09:00 TRACE 28072 --- [demo] [main] org.hibernate.orm.jdbc.bind              : binding parameter (1:TIMESTAMP) <- [2026-05-21T11:50:04.608586200]
2026-05-21T11:50:04.613+09:00 TRACE 28072 --- [demo] [main] org.hibernate.orm.jdbc.bind              : binding parameter (2:BIGINT) <- [15]
2026-05-21T11:50:04.613+09:00 TRACE 28072 --- [demo] [main] org.hibernate.orm.jdbc.bind              : binding parameter (3:BIGINT) <- [2]
2026-05-21T11:50:04.631+09:00 DEBUG 28072 --- [demo] [main] org.hibernate.SQL                        : 
    insert 
    into
        documents
        (content, created_at, title, updated_at, user_id) 
    values
        (?, ?, ?, ?, ?)
2026-05-21T11:50:04.631+09:00 TRACE 28072 --- [demo] [main] org.hibernate.orm.jdbc.bind              : binding parameter (1:VARCHAR) <- [Redisson을 이용한 분산 환경에서의 동시성 제어 방법입니다.]
2026-05-21T11:50:04.631+09:00 TRACE 28072 --- [demo] [main] org.hibernate.orm.jdbc.bind              : binding parameter (2:TIMESTAMP) <- [2026-05-21T11:50:04.630561100]
2026-05-21T11:50:04.631+09:00 TRACE 28072 --- [demo] [main] org.hibernate.orm.jdbc.bind              : binding parameter (3:VARCHAR) <- [Redis 분산 락 구현]
2026-05-21T11:50:04.631+09:00 TRACE 28072 --- [demo] [main] org.hibernate.orm.jdbc.bind              : binding parameter (4:TIMESTAMP) <- [2026-05-21T11:50:04.630561100]
2026-05-21T11:50:04.632+09:00 TRACE 28072 --- [demo] [main] org.hibernate.orm.jdbc.bind              : binding parameter (5:BIGINT) <- [1]
2026-05-21T11:50:04.635+09:00 DEBUG 28072 --- [demo] [main] org.hibernate.SQL                        : 
    insert 
    into
        document_tags
        (created_at, document_id, tag_id) 
    values
        (?, ?, ?)
2026-05-21T11:50:04.635+09:00 TRACE 28072 --- [demo] [main] org.hibernate.orm.jdbc.bind              : binding parameter (1:TIMESTAMP) <- [2026-05-21T11:50:04.634904800]
2026-05-21T11:50:04.635+09:00 TRACE 28072 --- [demo] [main] org.hibernate.orm.jdbc.bind              : binding parameter (2:BIGINT) <- [16]
2026-05-21T11:50:04.635+09:00 TRACE 28072 --- [demo] [main] org.hibernate.orm.jdbc.bind              : binding parameter (3:BIGINT) <- [7]
2026-05-21T11:50:04.638+09:00 DEBUG 28072 --- [demo] [main] org.hibernate.SQL                        : 
    insert 
    into
        document_tags
        (created_at, document_id, tag_id) 
    values
        (?, ?, ?)
2026-05-21T11:50:04.638+09:00 TRACE 28072 --- [demo] [main] org.hibernate.orm.jdbc.bind              : binding parameter (1:TIMESTAMP) <- [2026-05-21T11:50:04.638145900]
2026-05-21T11:50:04.638+09:00 TRACE 28072 --- [demo] [main] org.hibernate.orm.jdbc.bind              : binding parameter (2:BIGINT) <- [16]
2026-05-21T11:50:04.638+09:00 TRACE 28072 --- [demo] [main] org.hibernate.orm.jdbc.bind              : binding parameter (3:BIGINT) <- [5]
2026-05-21T11:50:04.655+09:00 DEBUG 28072 --- [demo] [main] org.hibernate.SQL                        : 
    insert 
    into
        documents
        (content, created_at, title, updated_at, user_id) 
    values
        (?, ?, ?, ?, ?)
2026-05-21T11:50:04.656+09:00 TRACE 28072 --- [demo] [main] org.hibernate.orm.jdbc.bind              : binding parameter (1:VARCHAR) <- [테스트 코드 기반으로 API 문서를 자동 생성하는 방법을 설명합니다.]
2026-05-21T11:50:04.656+09:00 TRACE 28072 --- [demo] [main] org.hibernate.orm.jdbc.bind              : binding parameter (2:TIMESTAMP) <- [2026-05-21T11:50:04.654422100]
2026-05-21T11:50:04.656+09:00 TRACE 28072 --- [demo] [main] org.hibernate.orm.jdbc.bind              : binding parameter (3:VARCHAR) <- [Spring REST Docs 작성]
2026-05-21T11:50:04.657+09:00 TRACE 28072 --- [demo] [main] org.hibernate.orm.jdbc.bind              : binding parameter (4:TIMESTAMP) <- [2026-05-21T11:50:04.654422100]
2026-05-21T11:50:04.657+09:00 TRACE 28072 --- [demo] [main] org.hibernate.orm.jdbc.bind              : binding parameter (5:BIGINT) <- [1]
2026-05-21T11:50:04.664+09:00 DEBUG 28072 --- [demo] [main] org.hibernate.SQL                        : 
    insert 
    into
        document_tags
        (created_at, document_id, tag_id) 
    values
        (?, ?, ?)
2026-05-21T11:50:04.666+09:00 TRACE 28072 --- [demo] [main] org.hibernate.orm.jdbc.bind              : binding parameter (1:TIMESTAMP) <- [2026-05-21T11:50:04.662932400]
2026-05-21T11:50:04.666+09:00 TRACE 28072 --- [demo] [main] org.hibernate.orm.jdbc.bind              : binding parameter (2:BIGINT) <- [17]
2026-05-21T11:50:04.667+09:00 TRACE 28072 --- [demo] [main] org.hibernate.orm.jdbc.bind              : binding parameter (3:BIGINT) <- [2]
2026-05-21T11:50:04.684+09:00 DEBUG 28072 --- [demo] [main] org.hibernate.SQL                        : 
    insert 
    into
        documents
        (content, created_at, title, updated_at, user_id) 
    values
        (?, ?, ?, ?, ?)
2026-05-21T11:50:04.684+09:00 TRACE 28072 --- [demo] [main] org.hibernate.orm.jdbc.bind              : binding parameter (1:VARCHAR) <- [제네릭 타입 파라미터, 와일드카드, 바운디드 타입을 정리합니다.]
2026-05-21T11:50:04.685+09:00 TRACE 28072 --- [demo] [main] org.hibernate.orm.jdbc.bind              : binding parameter (2:TIMESTAMP) <- [2026-05-21T11:50:04.684113700]
2026-05-21T11:50:04.685+09:00 TRACE 28072 --- [demo] [main] org.hibernate.orm.jdbc.bind              : binding parameter (3:VARCHAR) <- [Java 제네릭 완전 정복]
2026-05-21T11:50:04.685+09:00 TRACE 28072 --- [demo] [main] org.hibernate.orm.jdbc.bind              : binding parameter (4:TIMESTAMP) <- [2026-05-21T11:50:04.684113700]
2026-05-21T11:50:04.685+09:00 TRACE 28072 --- [demo] [main] org.hibernate.orm.jdbc.bind              : binding parameter (5:BIGINT) <- [1]
2026-05-21T11:50:04.688+09:00 DEBUG 28072 --- [demo] [main] org.hibernate.SQL                        : 
    insert 
    into
        document_tags
        (created_at, document_id, tag_id) 
    values
        (?, ?, ?)
2026-05-21T11:50:04.689+09:00 TRACE 28072 --- [demo] [main] org.hibernate.orm.jdbc.bind              : binding parameter (1:TIMESTAMP) <- [2026-05-21T11:50:04.687892800]
2026-05-21T11:50:04.689+09:00 TRACE 28072 --- [demo] [main] org.hibernate.orm.jdbc.bind              : binding parameter (2:BIGINT) <- [18]
2026-05-21T11:50:04.689+09:00 TRACE 28072 --- [demo] [main] org.hibernate.orm.jdbc.bind              : binding parameter (3:BIGINT) <- [1]
2026-05-21T11:50:04.699+09:00 DEBUG 28072 --- [demo] [main] org.hibernate.SQL                        : 
    insert 
    into
        documents
        (content, created_at, title, updated_at, user_id) 
    values
        (?, ?, ?, ?, ?)
2026-05-21T11:50:04.699+09:00 TRACE 28072 --- [demo] [main] org.hibernate.orm.jdbc.bind              : binding parameter (1:VARCHAR) <- [타입 안전한 동적 쿼리 작성을 위한 QueryDSL 설정과 예제입니다.]
2026-05-21T11:50:04.699+09:00 TRACE 28072 --- [demo] [main] org.hibernate.orm.jdbc.bind              : binding parameter (2:TIMESTAMP) <- [2026-05-21T11:50:04.698595300]
2026-05-21T11:50:04.699+09:00 TRACE 28072 --- [demo] [main] org.hibernate.orm.jdbc.bind              : binding parameter (3:VARCHAR) <- [JPA QueryDSL 적용]
2026-05-21T11:50:04.699+09:00 TRACE 28072 --- [demo] [main] org.hibernate.orm.jdbc.bind              : binding parameter (4:TIMESTAMP) <- [2026-05-21T11:50:04.698595300]
2026-05-21T11:50:04.699+09:00 TRACE 28072 --- [demo] [main] org.hibernate.orm.jdbc.bind              : binding parameter (5:BIGINT) <- [1]
2026-05-21T11:50:04.701+09:00 DEBUG 28072 --- [demo] [main] org.hibernate.SQL                        : 
    insert 
    into
        document_tags
        (created_at, document_id, tag_id) 
    values
        (?, ?, ?)
2026-05-21T11:50:04.701+09:00 TRACE 28072 --- [demo] [main] org.hibernate.orm.jdbc.bind              : binding parameter (1:TIMESTAMP) <- [2026-05-21T11:50:04.701342200]
2026-05-21T11:50:04.701+09:00 TRACE 28072 --- [demo] [main] org.hibernate.orm.jdbc.bind              : binding parameter (2:BIGINT) <- [19]
2026-05-21T11:50:04.702+09:00 TRACE 28072 --- [demo] [main] org.hibernate.orm.jdbc.bind              : binding parameter (3:BIGINT) <- [3]
2026-05-21T11:50:04.704+09:00 DEBUG 28072 --- [demo] [main] org.hibernate.SQL                        : 
    insert 
    into
        document_tags
        (created_at, document_id, tag_id) 
    values
        (?, ?, ?)
2026-05-21T11:50:04.705+09:00 TRACE 28072 --- [demo] [main] org.hibernate.orm.jdbc.bind              : binding parameter (1:TIMESTAMP) <- [2026-05-21T11:50:04.704052400]
2026-05-21T11:50:04.705+09:00 TRACE 28072 --- [demo] [main] org.hibernate.orm.jdbc.bind              : binding parameter (2:BIGINT) <- [19]
2026-05-21T11:50:04.705+09:00 TRACE 28072 --- [demo] [main] org.hibernate.orm.jdbc.bind              : binding parameter (3:BIGINT) <- [2]
2026-05-21T11:50:04.729+09:00 DEBUG 28072 --- [demo] [main] org.hibernate.SQL                        : 
    insert 
    into
        documents
        (content, created_at, title, updated_at, user_id) 
    values
        (?, ?, ?, ?, ?)
2026-05-21T11:50:04.730+09:00 TRACE 28072 --- [demo] [main] org.hibernate.orm.jdbc.bind              : binding parameter (1:VARCHAR) <- [무중단 배포를 위한 Blue-Green 전략을 GitHub Actions로 구현합니다.]
2026-05-21T11:50:04.730+09:00 TRACE 28072 --- [demo] [main] org.hibernate.orm.jdbc.bind              : binding parameter (2:TIMESTAMP) <- [2026-05-21T11:50:04.728590600]
2026-05-21T11:50:04.730+09:00 TRACE 28072 --- [demo] [main] org.hibernate.orm.jdbc.bind              : binding parameter (3:VARCHAR) <- [CI/CD Blue-Green 배포]
2026-05-21T11:50:04.730+09:00 TRACE 28072 --- [demo] [main] org.hibernate.orm.jdbc.bind              : binding parameter (4:TIMESTAMP) <- [2026-05-21T11:50:04.728590600]
2026-05-21T11:50:04.731+09:00 TRACE 28072 --- [demo] [main] org.hibernate.orm.jdbc.bind              : binding parameter (5:BIGINT) <- [1]
2026-05-21T11:50:04.735+09:00 DEBUG 28072 --- [demo] [main] org.hibernate.SQL                        : 
    insert 
    into
        document_tags
        (created_at, document_id, tag_id) 
    values
        (?, ?, ?)
2026-05-21T11:50:04.736+09:00 TRACE 28072 --- [demo] [main] org.hibernate.orm.jdbc.bind              : binding parameter (1:TIMESTAMP) <- [2026-05-21T11:50:04.735185400]
2026-05-21T11:50:04.736+09:00 TRACE 28072 --- [demo] [main] org.hibernate.orm.jdbc.bind              : binding parameter (2:BIGINT) <- [20]
2026-05-21T11:50:04.736+09:00 TRACE 28072 --- [demo] [main] org.hibernate.orm.jdbc.bind              : binding parameter (3:BIGINT) <- [10]
2026-05-21T11:50:04.739+09:00 DEBUG 28072 --- [demo] [main] org.hibernate.SQL                        : 
    insert 
    into
        document_tags
        (created_at, document_id, tag_id) 
    values
        (?, ?, ?)
2026-05-21T11:50:04.740+09:00 TRACE 28072 --- [demo] [main] org.hibernate.orm.jdbc.bind              : binding parameter (1:TIMESTAMP) <- [2026-05-21T11:50:04.739288100]
2026-05-21T11:50:04.740+09:00 TRACE 28072 --- [demo] [main] org.hibernate.orm.jdbc.bind              : binding parameter (2:BIGINT) <- [20]
2026-05-21T11:50:04.740+09:00 TRACE 28072 --- [demo] [main] org.hibernate.orm.jdbc.bind              : binding parameter (3:BIGINT) <- [9]
2026-05-21T11:50:04.753+09:00 DEBUG 28072 --- [demo] [main] org.hibernate.SQL                        : 
    insert 
    into
        documents
        (content, created_at, title, updated_at, user_id) 
    values
        (?, ?, ?, ?, ?)
2026-05-21T11:50:04.753+09:00 TRACE 28072 --- [demo] [main] org.hibernate.orm.jdbc.bind              : binding parameter (1:VARCHAR) <- [@ControllerAdvice를 활용한 전역 예외 처리 방법을 소개합니다.]
2026-05-21T11:50:04.753+09:00 TRACE 28072 --- [demo] [main] org.hibernate.orm.jdbc.bind              : binding parameter (2:TIMESTAMP) <- [2026-05-21T11:50:04.753013200]
2026-05-21T11:50:04.753+09:00 TRACE 28072 --- [demo] [main] org.hibernate.orm.jdbc.bind              : binding parameter (3:VARCHAR) <- [Spring 예외 처리 전략]
2026-05-21T11:50:04.753+09:00 TRACE 28072 --- [demo] [main] org.hibernate.orm.jdbc.bind              : binding parameter (4:TIMESTAMP) <- [2026-05-21T11:50:04.753013200]
2026-05-21T11:50:04.753+09:00 TRACE 28072 --- [demo] [main] org.hibernate.orm.jdbc.bind              : binding parameter (5:BIGINT) <- [1]
2026-05-21T11:50:04.758+09:00 DEBUG 28072 --- [demo] [main] org.hibernate.SQL                        : 
    insert 
    into
        document_tags
        (created_at, document_id, tag_id) 
    values
        (?, ?, ?)
2026-05-21T11:50:04.759+09:00 TRACE 28072 --- [demo] [main] org.hibernate.orm.jdbc.bind              : binding parameter (1:TIMESTAMP) <- [2026-05-21T11:50:04.757565300]
2026-05-21T11:50:04.759+09:00 TRACE 28072 --- [demo] [main] org.hibernate.orm.jdbc.bind              : binding parameter (2:BIGINT) <- [21]
2026-05-21T11:50:04.759+09:00 TRACE 28072 --- [demo] [main] org.hibernate.orm.jdbc.bind              : binding parameter (3:BIGINT) <- [2]
2026-05-21T11:50:04.765+09:00 DEBUG 28072 --- [demo] [main] org.hibernate.SQL                        : 
    insert 
    into
        document_tags
        (created_at, document_id, tag_id) 
    values
        (?, ?, ?)
2026-05-21T11:50:04.766+09:00 TRACE 28072 --- [demo] [main] org.hibernate.orm.jdbc.bind              : binding parameter (1:TIMESTAMP) <- [2026-05-21T11:50:04.764106300]
2026-05-21T11:50:04.766+09:00 TRACE 28072 --- [demo] [main] org.hibernate.orm.jdbc.bind              : binding parameter (2:BIGINT) <- [21]
2026-05-21T11:50:04.767+09:00 TRACE 28072 --- [demo] [main] org.hibernate.orm.jdbc.bind              : binding parameter (3:BIGINT) <- [5]
2026-05-21T11:50:04.795+09:00 DEBUG 28072 --- [demo] [main] org.hibernate.SQL                        : 
    insert 
    into
        documents
        (content, created_at, title, updated_at, user_id) 
    values
        (?, ?, ?, ?, ?)
2026-05-21T11:50:04.796+09:00 TRACE 28072 --- [demo] [main] org.hibernate.orm.jdbc.bind              : binding parameter (1:VARCHAR) <- [EXPLAIN을 이용해 쿼리 실행 계획을 읽고 최적화하는 방법입니다.]
2026-05-21T11:50:04.796+09:00 TRACE 28072 --- [demo] [main] org.hibernate.orm.jdbc.bind              : binding parameter (2:TIMESTAMP) <- [2026-05-21T11:50:04.794972100]
2026-05-21T11:50:04.796+09:00 TRACE 28072 --- [demo] [main] org.hibernate.orm.jdbc.bind              : binding parameter (3:VARCHAR) <- [MySQL 실행 계획 분석]
2026-05-21T11:50:04.796+09:00 TRACE 28072 --- [demo] [main] org.hibernate.orm.jdbc.bind              : binding parameter (4:TIMESTAMP) <- [2026-05-21T11:50:04.794972100]
2026-05-21T11:50:04.796+09:00 TRACE 28072 --- [demo] [main] org.hibernate.orm.jdbc.bind              : binding parameter (5:BIGINT) <- [1]
2026-05-21T11:50:04.800+09:00 DEBUG 28072 --- [demo] [main] org.hibernate.SQL                        : 
    insert 
    into
        document_tags
        (created_at, document_id, tag_id) 
    values
        (?, ?, ?)
2026-05-21T11:50:04.800+09:00 TRACE 28072 --- [demo] [main] org.hibernate.orm.jdbc.bind              : binding parameter (1:TIMESTAMP) <- [2026-05-21T11:50:04.799808400]
2026-05-21T11:50:04.801+09:00 TRACE 28072 --- [demo] [main] org.hibernate.orm.jdbc.bind              : binding parameter (2:BIGINT) <- [22]
2026-05-21T11:50:04.801+09:00 TRACE 28072 --- [demo] [main] org.hibernate.orm.jdbc.bind              : binding parameter (3:BIGINT) <- [8]
2026-05-21T11:50:04.814+09:00 DEBUG 28072 --- [demo] [main] org.hibernate.SQL                        : 
    insert 
    into
        documents
        (content, created_at, title, updated_at, user_id) 
    values
        (?, ?, ?, ?, ?)
2026-05-21T11:50:04.815+09:00 TRACE 28072 --- [demo] [main] org.hibernate.orm.jdbc.bind              : binding parameter (1:VARCHAR) <- [synchronized, ReentrantLock, ConcurrentHashMap 활용법을 다룹니다.]
2026-05-21T11:50:04.816+09:00 TRACE 28072 --- [demo] [main] org.hibernate.orm.jdbc.bind              : binding parameter (2:TIMESTAMP) <- [2026-05-21T11:50:04.812893800]
2026-05-21T11:50:04.817+09:00 TRACE 28072 --- [demo] [main] org.hibernate.orm.jdbc.bind              : binding parameter (3:VARCHAR) <- [Java 동시성 프로그래밍]
2026-05-21T11:50:04.817+09:00 TRACE 28072 --- [demo] [main] org.hibernate.orm.jdbc.bind              : binding parameter (4:TIMESTAMP) <- [2026-05-21T11:50:04.812893800]
2026-05-21T11:50:04.818+09:00 TRACE 28072 --- [demo] [main] org.hibernate.orm.jdbc.bind              : binding parameter (5:BIGINT) <- [1]
2026-05-21T11:50:04.825+09:00 DEBUG 28072 --- [demo] [main] org.hibernate.SQL                        : 
    insert 
    into
        document_tags
        (created_at, document_id, tag_id) 
    values
        (?, ?, ?)
2026-05-21T11:50:04.825+09:00 TRACE 28072 --- [demo] [main] org.hibernate.orm.jdbc.bind              : binding parameter (1:TIMESTAMP) <- [2026-05-21T11:50:04.825355500]
2026-05-21T11:50:04.825+09:00 TRACE 28072 --- [demo] [main] org.hibernate.orm.jdbc.bind              : binding parameter (2:BIGINT) <- [23]
2026-05-21T11:50:04.825+09:00 TRACE 28072 --- [demo] [main] org.hibernate.orm.jdbc.bind              : binding parameter (3:BIGINT) <- [1]
2026-05-21T11:50:04.839+09:00 DEBUG 28072 --- [demo] [main] org.hibernate.SQL                        : 
    insert 
    into
        document_tags
        (created_at, document_id, tag_id) 
    values
        (?, ?, ?)
2026-05-21T11:50:04.840+09:00 TRACE 28072 --- [demo] [main] org.hibernate.orm.jdbc.bind              : binding parameter (1:TIMESTAMP) <- [2026-05-21T11:50:04.836065300]
2026-05-21T11:50:04.840+09:00 TRACE 28072 --- [demo] [main] org.hibernate.orm.jdbc.bind              : binding parameter (2:BIGINT) <- [23]
2026-05-21T11:50:04.841+09:00 TRACE 28072 --- [demo] [main] org.hibernate.orm.jdbc.bind              : binding parameter (3:BIGINT) <- [5]
2026-05-21T11:50:04.856+09:00 DEBUG 28072 --- [demo] [main] org.hibernate.SQL                        : 
    insert 
    into
        documents
        (content, created_at, title, updated_at, user_id) 
    values
        (?, ?, ?, ?, ?)
2026-05-21T11:50:04.857+09:00 TRACE 28072 --- [demo] [main] org.hibernate.orm.jdbc.bind              : binding parameter (1:VARCHAR) <- [리액티브 프로그래밍과 WebFlux의 기본 개념을 소개합니다.]
2026-05-21T11:50:04.857+09:00 TRACE 28072 --- [demo] [main] org.hibernate.orm.jdbc.bind              : binding parameter (2:TIMESTAMP) <- [2026-05-21T11:50:04.855967400]
2026-05-21T11:50:04.857+09:00 TRACE 28072 --- [demo] [main] org.hibernate.orm.jdbc.bind              : binding parameter (3:VARCHAR) <- [Spring WebFlux 입문]
2026-05-21T11:50:04.857+09:00 TRACE 28072 --- [demo] [main] org.hibernate.orm.jdbc.bind              : binding parameter (4:TIMESTAMP) <- [2026-05-21T11:50:04.855967400]
2026-05-21T11:50:04.857+09:00 TRACE 28072 --- [demo] [main] org.hibernate.orm.jdbc.bind              : binding parameter (5:BIGINT) <- [1]
2026-05-21T11:50:04.860+09:00 DEBUG 28072 --- [demo] [main] org.hibernate.SQL                        : 
    insert 
    into
        document_tags
        (created_at, document_id, tag_id) 
    values
        (?, ?, ?)
2026-05-21T11:50:04.861+09:00 TRACE 28072 --- [demo] [main] org.hibernate.orm.jdbc.bind              : binding parameter (1:TIMESTAMP) <- [2026-05-21T11:50:04.860839100]
2026-05-21T11:50:04.861+09:00 TRACE 28072 --- [demo] [main] org.hibernate.orm.jdbc.bind              : binding parameter (2:BIGINT) <- [24]
2026-05-21T11:50:04.861+09:00 TRACE 28072 --- [demo] [main] org.hibernate.orm.jdbc.bind              : binding parameter (3:BIGINT) <- [2]
2026-05-21T11:50:04.866+09:00 DEBUG 28072 --- [demo] [main] org.hibernate.SQL                        : 
    insert 
    into
        document_tags
        (created_at, document_id, tag_id) 
    values
        (?, ?, ?)
2026-05-21T11:50:04.868+09:00 TRACE 28072 --- [demo] [main] org.hibernate.orm.jdbc.bind              : binding parameter (1:TIMESTAMP) <- [2026-05-21T11:50:04.866461600]
2026-05-21T11:50:04.868+09:00 TRACE 28072 --- [demo] [main] org.hibernate.orm.jdbc.bind              : binding parameter (2:BIGINT) <- [24]
2026-05-21T11:50:04.868+09:00 TRACE 28072 --- [demo] [main] org.hibernate.orm.jdbc.bind              : binding parameter (3:BIGINT) <- [1]
2026-05-21T11:50:04.902+09:00 DEBUG 28072 --- [demo] [main] org.hibernate.SQL                        : 
    insert 
    into
        documents
        (content, created_at, title, updated_at, user_id) 
    values
        (?, ?, ?, ?, ?)
2026-05-21T11:50:04.902+09:00 TRACE 28072 --- [demo] [main] org.hibernate.orm.jdbc.bind              : binding parameter (1:VARCHAR) <- [RDS 파라미터 그룹, 스냅샷, 읽기 복제본 설정 방법을 정리합니다.]
2026-05-21T11:50:04.902+09:00 TRACE 28072 --- [demo] [main] org.hibernate.orm.jdbc.bind              : binding parameter (2:TIMESTAMP) <- [2026-05-21T11:50:04.900119900]
2026-05-21T11:50:04.903+09:00 TRACE 28072 --- [demo] [main] org.hibernate.orm.jdbc.bind              : binding parameter (3:VARCHAR) <- [AWS RDS 운영 가이드]
2026-05-21T11:50:04.903+09:00 TRACE 28072 --- [demo] [main] org.hibernate.orm.jdbc.bind              : binding parameter (4:TIMESTAMP) <- [2026-05-21T11:50:04.900119900]
2026-05-21T11:50:04.903+09:00 TRACE 28072 --- [demo] [main] org.hibernate.orm.jdbc.bind              : binding parameter (5:BIGINT) <- [1]
2026-05-21T11:50:04.906+09:00 DEBUG 28072 --- [demo] [main] org.hibernate.SQL                        : 
    insert 
    into
        document_tags
        (created_at, document_id, tag_id) 
    values
        (?, ?, ?)
2026-05-21T11:50:04.906+09:00 TRACE 28072 --- [demo] [main] org.hibernate.orm.jdbc.bind              : binding parameter (1:TIMESTAMP) <- [2026-05-21T11:50:04.905870900]
2026-05-21T11:50:04.906+09:00 TRACE 28072 --- [demo] [main] org.hibernate.orm.jdbc.bind              : binding parameter (2:BIGINT) <- [25]
2026-05-21T11:50:04.906+09:00 TRACE 28072 --- [demo] [main] org.hibernate.orm.jdbc.bind              : binding parameter (3:BIGINT) <- [9]
2026-05-21T11:50:04.909+09:00 DEBUG 28072 --- [demo] [main] org.hibernate.SQL                        : 
    insert 
    into
        document_tags
        (created_at, document_id, tag_id) 
    values
        (?, ?, ?)
2026-05-21T11:50:04.909+09:00 TRACE 28072 --- [demo] [main] org.hibernate.orm.jdbc.bind              : binding parameter (1:TIMESTAMP) <- [2026-05-21T11:50:04.909108100]
2026-05-21T11:50:04.909+09:00 TRACE 28072 --- [demo] [main] org.hibernate.orm.jdbc.bind              : binding parameter (2:BIGINT) <- [25]
2026-05-21T11:50:04.909+09:00 TRACE 28072 --- [demo] [main] org.hibernate.orm.jdbc.bind              : binding parameter (3:BIGINT) <- [8]
2026-05-21T11:50:04.919+09:00 DEBUG 28072 --- [demo] [main] org.hibernate.SQL                        : 
    insert 
    into
        documents
        (content, created_at, title, updated_at, user_id) 
    values
        (?, ?, ?, ?, ?)
2026-05-21T11:50:04.919+09:00 TRACE 28072 --- [demo] [main] org.hibernate.orm.jdbc.bind              : binding parameter (1:VARCHAR) <- [멀티 스테이지 빌드로 프로덕션 이미지 크기를 줄이는 방법입니다.]
2026-05-21T11:50:04.919+09:00 TRACE 28072 --- [demo] [main] org.hibernate.orm.jdbc.bind              : binding parameter (2:TIMESTAMP) <- [2026-05-21T11:50:04.918380]
2026-05-21T11:50:04.919+09:00 TRACE 28072 --- [demo] [main] org.hibernate.orm.jdbc.bind              : binding parameter (3:VARCHAR) <- [Docker 이미지 최적화]
2026-05-21T11:50:04.919+09:00 TRACE 28072 --- [demo] [main] org.hibernate.orm.jdbc.bind              : binding parameter (4:TIMESTAMP) <- [2026-05-21T11:50:04.918380]
2026-05-21T11:50:04.919+09:00 TRACE 28072 --- [demo] [main] org.hibernate.orm.jdbc.bind              : binding parameter (5:BIGINT) <- [1]
2026-05-21T11:50:04.925+09:00 DEBUG 28072 --- [demo] [main] org.hibernate.SQL                        : 
    insert 
    into
        document_tags
        (created_at, document_id, tag_id) 
    values
        (?, ?, ?)
2026-05-21T11:50:04.925+09:00 TRACE 28072 --- [demo] [main] org.hibernate.orm.jdbc.bind              : binding parameter (1:TIMESTAMP) <- [2026-05-21T11:50:04.924877500]
2026-05-21T11:50:04.925+09:00 TRACE 28072 --- [demo] [main] org.hibernate.orm.jdbc.bind              : binding parameter (2:BIGINT) <- [26]
2026-05-21T11:50:04.925+09:00 TRACE 28072 --- [demo] [main] org.hibernate.orm.jdbc.bind              : binding parameter (3:BIGINT) <- [4]
2026-05-21T11:50:04.948+09:00 DEBUG 28072 --- [demo] [main] org.hibernate.SQL                        : 
    insert 
    into
        documents
        (content, created_at, title, updated_at, user_id) 
    values
        (?, ?, ?, ?, ?)
2026-05-21T11:50:04.950+09:00 TRACE 28072 --- [demo] [main] org.hibernate.orm.jdbc.bind              : binding parameter (1:VARCHAR) <- [ApplicationEvent와 @EventListener를 활용한 느슨한 결합 설계입니다.]
2026-05-21T11:50:04.950+09:00 TRACE 28072 --- [demo] [main] org.hibernate.orm.jdbc.bind              : binding parameter (2:TIMESTAMP) <- [2026-05-21T11:50:04.946034]
2026-05-21T11:50:04.951+09:00 TRACE 28072 --- [demo] [main] org.hibernate.orm.jdbc.bind              : binding parameter (3:VARCHAR) <- [Spring 이벤트 드리븐 설계]
2026-05-21T11:50:04.951+09:00 TRACE 28072 --- [demo] [main] org.hibernate.orm.jdbc.bind              : binding parameter (4:TIMESTAMP) <- [2026-05-21T11:50:04.946034]
2026-05-21T11:50:04.951+09:00 TRACE 28072 --- [demo] [main] org.hibernate.orm.jdbc.bind              : binding parameter (5:BIGINT) <- [1]
2026-05-21T11:50:04.962+09:00 DEBUG 28072 --- [demo] [main] org.hibernate.SQL                        : 
    insert 
    into
        document_tags
        (created_at, document_id, tag_id) 
    values
        (?, ?, ?)
2026-05-21T11:50:04.962+09:00 TRACE 28072 --- [demo] [main] org.hibernate.orm.jdbc.bind              : binding parameter (1:TIMESTAMP) <- [2026-05-21T11:50:04.961792700]
2026-05-21T11:50:04.962+09:00 TRACE 28072 --- [demo] [main] org.hibernate.orm.jdbc.bind              : binding parameter (2:BIGINT) <- [27]
2026-05-21T11:50:04.962+09:00 TRACE 28072 --- [demo] [main] org.hibernate.orm.jdbc.bind              : binding parameter (3:BIGINT) <- [2]
2026-05-21T11:50:04.966+09:00 DEBUG 28072 --- [demo] [main] org.hibernate.SQL                        : 
    insert 
    into
        document_tags
        (created_at, document_id, tag_id) 
    values
        (?, ?, ?)
2026-05-21T11:50:04.967+09:00 TRACE 28072 --- [demo] [main] org.hibernate.orm.jdbc.bind              : binding parameter (1:TIMESTAMP) <- [2026-05-21T11:50:04.966318500]
2026-05-21T11:50:04.967+09:00 TRACE 28072 --- [demo] [main] org.hibernate.orm.jdbc.bind              : binding parameter (2:BIGINT) <- [27]
2026-05-21T11:50:04.967+09:00 TRACE 28072 --- [demo] [main] org.hibernate.orm.jdbc.bind              : binding parameter (3:BIGINT) <- [5]
2026-05-21T11:50:04.977+09:00 DEBUG 28072 --- [demo] [main] org.hibernate.SQL                        : 
    insert 
    into
        documents
        (content, created_at, title, updated_at, user_id) 
    values
        (?, ?, ?, ?, ?)
2026-05-21T11:50:04.978+09:00 TRACE 28072 --- [demo] [main] org.hibernate.orm.jdbc.bind              : binding parameter (1:VARCHAR) <- [벌크 업데이트/삭제 시 영속성 컨텍스트 동기화 문제를 설명합니다.]
2026-05-21T11:50:04.978+09:00 TRACE 28072 --- [demo] [main] org.hibernate.orm.jdbc.bind              : binding parameter (2:TIMESTAMP) <- [2026-05-21T11:50:04.977082400]
2026-05-21T11:50:04.978+09:00 TRACE 28072 --- [demo] [main] org.hibernate.orm.jdbc.bind              : binding parameter (3:VARCHAR) <- [JPA 벌크 연산 주의사항]
2026-05-21T11:50:04.978+09:00 TRACE 28072 --- [demo] [main] org.hibernate.orm.jdbc.bind              : binding parameter (4:TIMESTAMP) <- [2026-05-21T11:50:04.977082400]
2026-05-21T11:50:04.978+09:00 TRACE 28072 --- [demo] [main] org.hibernate.orm.jdbc.bind              : binding parameter (5:BIGINT) <- [1]
2026-05-21T11:50:04.982+09:00 DEBUG 28072 --- [demo] [main] org.hibernate.SQL                        : 
    insert 
    into
        document_tags
        (created_at, document_id, tag_id) 
    values
        (?, ?, ?)
2026-05-21T11:50:04.983+09:00 TRACE 28072 --- [demo] [main] org.hibernate.orm.jdbc.bind              : binding parameter (1:TIMESTAMP) <- [2026-05-21T11:50:04.982059700]
2026-05-21T11:50:04.983+09:00 TRACE 28072 --- [demo] [main] org.hibernate.orm.jdbc.bind              : binding parameter (2:BIGINT) <- [28]
2026-05-21T11:50:04.983+09:00 TRACE 28072 --- [demo] [main] org.hibernate.orm.jdbc.bind              : binding parameter (3:BIGINT) <- [3]
2026-05-21T11:50:04.998+09:00 DEBUG 28072 --- [demo] [main] org.hibernate.SQL                        : 
    insert 
    into
        documents
        (content, created_at, title, updated_at, user_id) 
    values
        (?, ?, ?, ?, ?)
2026-05-21T11:50:04.998+09:00 TRACE 28072 --- [demo] [main] org.hibernate.orm.jdbc.bind              : binding parameter (1:VARCHAR) <- [Redis Pub/Sub을 이용한 실시간 이벤트 처리 구조를 구현합니다.]
2026-05-21T11:50:04.998+09:00 TRACE 28072 --- [demo] [main] org.hibernate.orm.jdbc.bind              : binding parameter (2:TIMESTAMP) <- [2026-05-21T11:50:04.997709100]
2026-05-21T11:50:04.999+09:00 TRACE 28072 --- [demo] [main] org.hibernate.orm.jdbc.bind              : binding parameter (3:VARCHAR) <- [Redis Pub/Sub 메시징]
2026-05-21T11:50:04.999+09:00 TRACE 28072 --- [demo] [main] org.hibernate.orm.jdbc.bind              : binding parameter (4:TIMESTAMP) <- [2026-05-21T11:50:04.997709100]
2026-05-21T11:50:04.999+09:00 TRACE 28072 --- [demo] [main] org.hibernate.orm.jdbc.bind              : binding parameter (5:BIGINT) <- [1]
2026-05-21T11:50:05.006+09:00 DEBUG 28072 --- [demo] [main] org.hibernate.SQL                        : 
    insert 
    into
        document_tags
        (created_at, document_id, tag_id) 
    values
        (?, ?, ?)
2026-05-21T11:50:05.006+09:00 TRACE 28072 --- [demo] [main] org.hibernate.orm.jdbc.bind              : binding parameter (1:TIMESTAMP) <- [2026-05-21T11:50:05.005875900]
2026-05-21T11:50:05.007+09:00 TRACE 28072 --- [demo] [main] org.hibernate.orm.jdbc.bind              : binding parameter (2:BIGINT) <- [29]
2026-05-21T11:50:05.007+09:00 TRACE 28072 --- [demo] [main] org.hibernate.orm.jdbc.bind              : binding parameter (3:BIGINT) <- [7]
2026-05-21T11:50:05.017+09:00 DEBUG 28072 --- [demo] [main] org.hibernate.SQL                        : 
    insert 
    into
        document_tags
        (created_at, document_id, tag_id) 
    values
        (?, ?, ?)
2026-05-21T11:50:05.019+09:00 TRACE 28072 --- [demo] [main] org.hibernate.orm.jdbc.bind              : binding parameter (1:TIMESTAMP) <- [2026-05-21T11:50:05.016036400]
2026-05-21T11:50:05.019+09:00 TRACE 28072 --- [demo] [main] org.hibernate.orm.jdbc.bind              : binding parameter (2:BIGINT) <- [29]
2026-05-21T11:50:05.020+09:00 TRACE 28072 --- [demo] [main] org.hibernate.orm.jdbc.bind              : binding parameter (3:BIGINT) <- [5]
2026-05-21T11:50:05.031+09:00 DEBUG 28072 --- [demo] [main] org.hibernate.SQL                        : 
    insert 
    into
        documents
        (content, created_at, title, updated_at, user_id) 
    values
        (?, ?, ?, ?, ?)
2026-05-21T11:50:05.033+09:00 TRACE 28072 --- [demo] [main] org.hibernate.orm.jdbc.bind              : binding parameter (1:VARCHAR) <- [태그가 없는 문서도 정상적으로 저장됩니다.]
2026-05-21T11:50:05.033+09:00 TRACE 28072 --- [demo] [main] org.hibernate.orm.jdbc.bind              : binding parameter (2:TIMESTAMP) <- [2026-05-21T11:50:05.031170800]
2026-05-21T11:50:05.033+09:00 TRACE 28072 --- [demo] [main] org.hibernate.orm.jdbc.bind              : binding parameter (3:VARCHAR) <- [태그 없는 문서 예시]
2026-05-21T11:50:05.033+09:00 TRACE 28072 --- [demo] [main] org.hibernate.orm.jdbc.bind              : binding parameter (4:TIMESTAMP) <- [2026-05-21T11:50:05.031170800]
2026-05-21T11:50:05.033+09:00 TRACE 28072 --- [demo] [main] org.hibernate.orm.jdbc.bind              : binding parameter (5:BIGINT) <- [1]
2026-05-21T11:50:05.053+09:00 DEBUG 28072 --- [demo] [main] org.hibernate.SQL                        : 
    select
        count(*) 
    from
        documents d1_0
2026-05-21T11:50:05.074+09:00  INFO 28072 --- [demo] [main] docuTag.global.init.DataInitializer      : [DataInitializer] 테스트 데이터 삽입 완료! 문서 30건 생성됨
2026-05-21T11:50:24.389+09:00  INFO 28072 --- [demo] [org.springframework.kafka.KafkaListenerEndpointContainer#0-0-C-1] o.a.k.c.c.internals.ConsumerCoordinator  : [Consumer clientId=consumer-click-counter-1, groupId=click-counter] Successfully joined group with generation Generation{generationId=5, memberId='consumer-click-counter-1-8127974f-4ee1-404b-acd4-7318d87ca593', protocol='range'}
2026-05-21T11:50:24.400+09:00  INFO 28072 --- [demo] [org.springframework.kafka.KafkaListenerEndpointContainer#0-0-C-1] o.a.k.c.c.internals.ConsumerCoordinator  : [Consumer clientId=consumer-click-counter-1, groupId=click-counter] Finished assignment for group at generation 5: {consumer-click-counter-1-8127974f-4ee1-404b-acd4-7318d87ca593=Assignment(partitions=[frontend-logs-0])}
2026-05-21T11:50:24.420+09:00  INFO 28072 --- [demo] [org.springframework.kafka.KafkaListenerEndpointContainer#0-0-C-1] o.a.k.c.c.internals.ConsumerCoordinator  : [Consumer clientId=consumer-click-counter-1, groupId=click-counter] Successfully synced group in generation Generation{generationId=5, memberId='consumer-click-counter-1-8127974f-4ee1-404b-acd4-7318d87ca593', protocol='range'}
2026-05-21T11:50:24.421+09:00  INFO 28072 --- [demo] [org.springframework.kafka.KafkaListenerEndpointContainer#0-0-C-1] o.a.k.c.c.internals.ConsumerCoordinator  : [Consumer clientId=consumer-click-counter-1, groupId=click-counter] Notifying assignor about the new Assignment(partitions=[frontend-logs-0])
2026-05-21T11:50:24.426+09:00  INFO 28072 --- [demo] [org.springframework.kafka.KafkaListenerEndpointContainer#0-0-C-1] k.c.c.i.ConsumerRebalanceListenerInvoker : [Consumer clientId=consumer-click-counter-1, groupId=click-counter] Adding newly assigned partitions: frontend-logs-0
2026-05-21T11:50:24.438+09:00  INFO 28072 --- [demo] [org.springframework.kafka.KafkaListenerEndpointContainer#0-0-C-1] o.a.k.c.c.internals.ConsumerUtils        : Setting offset for partition frontend-logs-0 to the committed offset FetchPosition{offset=21, offsetEpoch=Optional.empty, currentLeader=LeaderAndEpoch{leader=Optional[localhost:9092 (id: 1 rack: null)], epoch=0}}
2026-05-21T11:50:24.440+09:00  INFO 28072 --- [demo] [org.springframework.kafka.KafkaListenerEndpointContainer#0-0-C-1] o.s.k.l.KafkaMessageListenerContainer    : click-counter: partitions assigned: [frontend-logs-0]
2026-05-21T11:59:04.324+09:00  INFO 28072 --- [demo] [org.springframework.kafka.KafkaListenerEndpointContainer#0-0-C-1] org.apache.kafka.clients.NetworkClient   : [Consumer clientId=consumer-click-counter-1, groupId=click-counter] Node -1 disconnected.
2026-05-21T12:09:04.412+09:00  INFO 28072 --- [demo] [org.springframework.kafka.KafkaListenerEndpointContainer#0-0-C-1] org.apache.kafka.clients.NetworkClient   : [Consumer clientId=consumer-click-counter-1, groupId=click-counter] Node -1 disconnected.
2026-05-21T13:04:30.432+09:00  INFO 28072 --- [demo] [org.springframework.kafka.KafkaListenerEndpointContainer#0-0-C-1] org.apache.kafka.clients.NetworkClient   : [Consumer clientId=consumer-click-counter-1, groupId=click-counter] Node 2147483646 disconnected.
2026-05-21T13:04:30.434+09:00  INFO 28072 --- [demo] [kafka-coordinator-heartbeat-thread | click-counter] o.a.k.c.c.internals.ConsumerCoordinator  : [Consumer clientId=consumer-click-counter-1, groupId=click-counter] Group coordinator localhost:9092 (id: 2147483646 rack: null) is unavailable or invalid due to cause: coordinator unavailable. isDisconnected: true. Rediscovery will be attempted.
2026-05-21T13:04:30.457+09:00  INFO 28072 --- [demo] [org.springframework.kafka.KafkaListenerEndpointContainer#0-0-C-1] o.a.k.c.c.internals.ConsumerCoordinator  : [Consumer clientId=consumer-click-counter-1, groupId=click-counter] Discovered group coordinator localhost:9092 (id: 2147483646 rack: null)
2026-05-21T13:04:30.457+09:00  INFO 28072 --- [demo] [org.springframework.kafka.KafkaListenerEndpointContainer#0-0-C-1] o.a.k.c.c.internals.ConsumerCoordinator  : [Consumer clientId=consumer-click-counter-1, groupId=click-counter] Group coordinator localhost:9092 (id: 2147483646 rack: null) is unavailable or invalid due to cause: coordinator unavailable. isDisconnected: false. Rediscovery will be attempted.
2026-05-21T13:04:30.457+09:00  INFO 28072 --- [demo] [org.springframework.kafka.KafkaListenerEndpointContainer#0-0-C-1] o.a.k.c.c.internals.ConsumerCoordinator  : [Consumer clientId=consumer-click-counter-1, groupId=click-counter] Requesting disconnect from last known coordinator localhost:9092 (id: 2147483646 rack: null)
2026-05-21T13:04:30.629+09:00  INFO 28072 --- [demo] [org.springframework.kafka.KafkaListenerEndpointContainer#0-0-C-1] o.a.k.c.c.internals.ConsumerCoordinator  : [Consumer clientId=consumer-click-counter-1, groupId=click-counter] Discovered group coordinator localhost:9092 (id: 2147483646 rack: null)
2026-05-21T13:04:41.827+09:00  WARN 28072 --- [demo] [HikariPool-1 housekeeper] com.zaxxer.hikari.pool.HikariPool        : HikariPool-1 - Thread starvation or clock leap detected (housekeeper delta=13m46s544ms235µs500ns).
2026-05-21T13:06:03.177+09:00  INFO 28072 --- [demo] [http-nio-8080-exec-2] o.a.c.c.C.[Tomcat].[localhost].[/]       : Initializing Spring DispatcherServlet 'dispatcherServlet'
2026-05-21T13:06:03.178+09:00  INFO 28072 --- [demo] [http-nio-8080-exec-2] o.s.web.servlet.DispatcherServlet        : Initializing Servlet 'dispatcherServlet'
2026-05-21T13:06:03.179+09:00  INFO 28072 --- [demo] [http-nio-8080-exec-2] o.s.web.servlet.DispatcherServlet        : Completed initialization in 1 ms
2026-05-21T13:06:03.211+09:00 DEBUG 28072 --- [demo] [http-nio-8080-exec-2] o.s.security.web.FilterChainProxy        : Securing GET /api/jwt/me
2026-05-21T13:06:03.264+09:00 TRACE 28072 --- [demo] [http-nio-8080-exec-2] .s.o.c.w.OAuth2LoginAuthenticationFilter : Did not match request to Ant [pattern='/login/oauth2/code/*']
2026-05-21T13:06:03.270+09:00 DEBUG 28072 --- [demo] [http-nio-8080-exec-2] o.s.s.w.a.AnonymousAuthenticationFilter  : Set SecurityContextHolder to anonymous SecurityContext
2026-05-21T13:06:03.273+09:00 DEBUG 28072 --- [demo] [http-nio-8080-exec-2] o.s.security.web.FilterChainProxy        : Secured GET /api/jwt/me
2026-05-21T13:06:03.398+09:00 DEBUG 28072 --- [demo] [http-nio-8080-exec-2] o.s.security.web.FilterChainProxy        : Securing GET /api/jwt/me
2026-05-21T13:06:03.400+09:00 TRACE 28072 --- [demo] [http-nio-8080-exec-2] .s.o.c.w.OAuth2LoginAuthenticationFilter : Did not match request to Ant [pattern='/login/oauth2/code/*']
2026-05-21T13:06:03.400+09:00 DEBUG 28072 --- [demo] [http-nio-8080-exec-2] o.s.s.w.a.AnonymousAuthenticationFilter  : Set SecurityContextHolder to anonymous SecurityContext
2026-05-21T13:06:03.400+09:00 DEBUG 28072 --- [demo] [http-nio-8080-exec-2] o.s.security.web.FilterChainProxy        : Secured GET /api/jwt/me
2026-05-21T13:06:10.620+09:00 DEBUG 28072 --- [demo] [http-nio-8080-exec-7] o.s.security.web.FilterChainProxy        : Securing OPTIONS /api/user/login
2026-05-21T13:06:10.620+09:00 DEBUG 28072 --- [demo] [http-nio-8080-exec-1] o.s.security.web.FilterChainProxy        : Securing POST /api/user/login
2026-05-21T13:06:10.628+09:00 TRACE 28072 --- [demo] [http-nio-8080-exec-1] .s.o.c.w.OAuth2LoginAuthenticationFilter : Did not match request to Ant [pattern='/login/oauth2/code/*']
2026-05-21T13:06:10.628+09:00 DEBUG 28072 --- [demo] [http-nio-8080-exec-1] o.s.s.w.a.AnonymousAuthenticationFilter  : Set SecurityContextHolder to anonymous SecurityContext
2026-05-21T13:06:10.629+09:00 DEBUG 28072 --- [demo] [http-nio-8080-exec-1] o.s.security.web.FilterChainProxy        : Secured POST /api/user/login
2026-05-21T13:06:10.790+09:00 DEBUG 28072 --- [demo] [http-nio-8080-exec-1] org.hibernate.SQL                        : 
    select
        u1_0.user_id,
        u1_0.created_at,
        u1_0.email,
        u1_0.nickname,
        u1_0.oauth_provider,
        u1_0.password,
        u1_0.provider_id,
        u1_0.updated_at 
    from
        users u1_0 
    where
        u1_0.email=?
2026-05-21T13:06:10.795+09:00 TRACE 28072 --- [demo] [http-nio-8080-exec-1] org.hibernate.orm.jdbc.bind              : binding parameter (1:VARCHAR) <- [rdh1111@naver.com]
2026-05-21T13:06:11.057+09:00 DEBUG 28072 --- [demo] [http-nio-8080-exec-1] org.hibernate.SQL                        : 
    select
        rt1_0.id,
        rt1_0.created_at,
        rt1_0.expires_at,
        rt1_0.token,
        rt1_0.user_id 
    from
        refresh_token rt1_0 
    where
        rt1_0.user_id=?
2026-05-21T13:06:11.058+09:00 TRACE 28072 --- [demo] [http-nio-8080-exec-1] org.hibernate.orm.jdbc.bind              : binding parameter (1:BIGINT) <- [1]
2026-05-21T13:06:11.095+09:00 DEBUG 28072 --- [demo] [http-nio-8080-exec-1] org.hibernate.SQL                        : 
    insert 
    into
        refresh_token
        (created_at, expires_at, token, user_id) 
    values
        (?, ?, ?, ?)
2026-05-21T13:06:11.095+09:00 TRACE 28072 --- [demo] [http-nio-8080-exec-1] org.hibernate.orm.jdbc.bind              : binding parameter (1:TIMESTAMP) <- [null]
2026-05-21T13:06:11.095+09:00 TRACE 28072 --- [demo] [http-nio-8080-exec-1] org.hibernate.orm.jdbc.bind              : binding parameter (2:TIMESTAMP) <- [2026-05-28T13:06:11]
2026-05-21T13:06:11.095+09:00 TRACE 28072 --- [demo] [http-nio-8080-exec-1] org.hibernate.orm.jdbc.bind              : binding parameter (3:VARCHAR) <- [eyJhbGciOiJIUzI1NiJ9.eyJzdWIiOiIxIiwidHlwZSI6InJlZnJlc2giLCJpYXQiOjE3NzkzMzYzNzEsImV4cCI6MTc3OTk0MTE3MX0._Q9s2hLC16vPGwlV1zad8KNhPdFDSzu7pro265DZ_FI]
2026-05-21T13:06:11.095+09:00 TRACE 28072 --- [demo] [http-nio-8080-exec-1] org.hibernate.orm.jdbc.bind              : binding parameter (4:BIGINT) <- [1]
2026-05-21T13:06:11.242+09:00 DEBUG 28072 --- [demo] [http-nio-8080-exec-3] o.s.security.web.FilterChainProxy        : Securing GET /api/jwt/me
2026-05-21T13:06:11.244+09:00 TRACE 28072 --- [demo] [http-nio-8080-exec-3] .s.o.c.w.OAuth2LoginAuthenticationFilter : Did not match request to Ant [pattern='/login/oauth2/code/*']
2026-05-21T13:06:11.908+09:00 DEBUG 28072 --- [demo] [http-nio-8080-exec-3] org.hibernate.SQL                        : 
    select
        u1_0.user_id,
        u1_0.created_at,
        u1_0.email,
        u1_0.nickname,
        u1_0.oauth_provider,
        u1_0.password,
        u1_0.provider_id,
        u1_0.updated_at 
    from
        users u1_0 
    where
        u1_0.user_id=?
2026-05-21T13:06:11.908+09:00 TRACE 28072 --- [demo] [http-nio-8080-exec-3] org.hibernate.orm.jdbc.bind              : binding parameter (1:BIGINT) <- [1]
2026-05-21T13:06:11.915+09:00  INFO 28072 --- [demo] [http-nio-8080-exec-3] d.domain.jwt.JwtAuthenticationFilter     : JWT 인증 성공 - userId: 1
2026-05-21T13:06:11.933+09:00 DEBUG 28072 --- [demo] [http-nio-8080-exec-3] w.c.HttpSessionSecurityContextRepository : Stored SecurityContextImpl [Authentication=UsernamePasswordAuthenticationToken [Principal=docuTag.domain.jwt.SecurityUser@77ad8b5c, Credentials=[PROTECTED], Authenticated=true, Details=WebAuthenticationDetails [RemoteIpAddress=0:0:0:0:0:0:0:1, SessionId=null], Granted Authorities=[ROLE_USER]]] to HttpSession [org.apache.catalina.session.StandardSessionFacade@3b3230f5]
2026-05-21T13:06:11.933+09:00 DEBUG 28072 --- [demo] [http-nio-8080-exec-3] o.s.security.web.FilterChainProxy        : Secured GET /api/jwt/me
2026-05-21T13:06:11.952+09:00 DEBUG 28072 --- [demo] [http-nio-8080-exec-3] org.hibernate.SQL                        : 
    select
        u1_0.user_id,
        u1_0.created_at,
        u1_0.email,
        u1_0.nickname,
        u1_0.oauth_provider,
        u1_0.password,
        u1_0.provider_id,
        u1_0.updated_at 
    from
        users u1_0 
    where
        u1_0.user_id=?
2026-05-21T13:06:11.953+09:00 TRACE 28072 --- [demo] [http-nio-8080-exec-3] org.hibernate.orm.jdbc.bind              : binding parameter (1:BIGINT) <- [1]
2026-05-21T13:06:11.959+09:00  INFO 28072 --- [demo] [http-nio-8080-exec-3] d.domain.jwt.JwtAuthenticationFilter     : JWT 인증 성공 - userId: 1
2026-05-21T13:06:11.971+09:00 DEBUG 28072 --- [demo] [http-nio-8080-exec-3] org.hibernate.SQL                        : 
    select
        rt1_0.id,
        rt1_0.created_at,
        rt1_0.expires_at,
        rt1_0.token,
        rt1_0.user_id 
    from
        refresh_token rt1_0 
    where
        rt1_0.token=?
2026-05-21T13:06:11.971+09:00 TRACE 28072 --- [demo] [http-nio-8080-exec-3] org.hibernate.orm.jdbc.bind              : binding parameter (1:VARCHAR) <- [eyJhbGciOiJIUzI1NiJ9.eyJzdWIiOiIxIiwidHlwZSI6InJlZnJlc2giLCJpYXQiOjE3NzkzMzYzNzEsImV4cCI6MTc3OTk0MTE3MX0._Q9s2hLC16vPGwlV1zad8KNhPdFDSzu7pro265DZ_FI]
2026-05-21T13:06:11.981+09:00 DEBUG 28072 --- [demo] [http-nio-8080-exec-3] org.hibernate.SQL                        : 
    select
        u1_0.user_id,
        u1_0.created_at,
        u1_0.email,
        u1_0.nickname,
        u1_0.oauth_provider,
        u1_0.password,
        u1_0.provider_id,
        u1_0.updated_at 
    from
        users u1_0 
    where
        u1_0.user_id=?
2026-05-21T13:06:11.982+09:00 TRACE 28072 --- [demo] [http-nio-8080-exec-3] org.hibernate.orm.jdbc.bind              : binding parameter (1:BIGINT) <- [1]
2026-05-21T13:06:11.995+09:00 DEBUG 28072 --- [demo] [http-nio-8080-exec-5] o.s.security.web.FilterChainProxy        : Securing GET /api/jwt/me
2026-05-21T13:06:11.997+09:00 TRACE 28072 --- [demo] [http-nio-8080-exec-5] .s.o.c.w.OAuth2LoginAuthenticationFilter : Did not match request to Ant [pattern='/login/oauth2/code/*']
2026-05-21T13:06:12.011+09:00 DEBUG 28072 --- [demo] [http-nio-8080-exec-5] org.hibernate.SQL                        : 
    select
        u1_0.user_id,
        u1_0.created_at,
        u1_0.email,
        u1_0.nickname,
        u1_0.oauth_provider,
        u1_0.password,
        u1_0.provider_id,
        u1_0.updated_at 
    from
        users u1_0 
    where
        u1_0.user_id=?
2026-05-21T13:06:12.011+09:00 TRACE 28072 --- [demo] [http-nio-8080-exec-5] org.hibernate.orm.jdbc.bind              : binding parameter (1:BIGINT) <- [1]
2026-05-21T13:06:12.018+09:00  INFO 28072 --- [demo] [http-nio-8080-exec-5] d.domain.jwt.JwtAuthenticationFilter     : JWT 인증 성공 - userId: 1
2026-05-21T13:06:12.019+09:00 DEBUG 28072 --- [demo] [http-nio-8080-exec-5] w.c.HttpSessionSecurityContextRepository : Stored SecurityContextImpl [Authentication=UsernamePasswordAuthenticationToken [Principal=docuTag.domain.jwt.SecurityUser@4a93abe7, Credentials=[PROTECTED], Authenticated=true, Details=WebAuthenticationDetails [RemoteIpAddress=0:0:0:0:0:0:0:1, SessionId=null], Granted Authorities=[ROLE_USER]]] to HttpSession [org.apache.catalina.session.StandardSessionFacade@4cadc18d]
2026-05-21T13:06:12.019+09:00 DEBUG 28072 --- [demo] [http-nio-8080-exec-5] o.s.security.web.FilterChainProxy        : Secured GET /api/jwt/me
2026-05-21T13:06:12.028+09:00 DEBUG 28072 --- [demo] [http-nio-8080-exec-5] org.hibernate.SQL                        : 
    select
        u1_0.user_id,
        u1_0.created_at,
        u1_0.email,
        u1_0.nickname,
        u1_0.oauth_provider,
        u1_0.password,
        u1_0.provider_id,
        u1_0.updated_at 
    from
        users u1_0 
    where
        u1_0.user_id=?
2026-05-21T13:06:12.028+09:00 DEBUG 28072 --- [demo] [http-nio-8080-exec-6] o.s.security.web.FilterChainProxy        : Securing OPTIONS /api/documents?size=10
2026-05-21T13:06:12.028+09:00 TRACE 28072 --- [demo] [http-nio-8080-exec-5] org.hibernate.orm.jdbc.bind              : binding parameter (1:BIGINT) <- [1]
2026-05-21T13:06:12.033+09:00 DEBUG 28072 --- [demo] [http-nio-8080-exec-4] o.s.security.web.FilterChainProxy        : Securing GET /api/documents?size=10
2026-05-21T13:06:12.034+09:00 TRACE 28072 --- [demo] [http-nio-8080-exec-4] .s.o.c.w.OAuth2LoginAuthenticationFilter : Did not match request to Ant [pattern='/login/oauth2/code/*']
2026-05-21T13:06:12.035+09:00  INFO 28072 --- [demo] [http-nio-8080-exec-5] d.domain.jwt.JwtAuthenticationFilter     : JWT 인증 성공 - userId: 1
2026-05-21T13:06:12.044+09:00 DEBUG 28072 --- [demo] [http-nio-8080-exec-4] org.hibernate.SQL                        : 
    select
        u1_0.user_id,
        u1_0.created_at,
        u1_0.email,
        u1_0.nickname,
        u1_0.oauth_provider,
        u1_0.password,
        u1_0.provider_id,
        u1_0.updated_at 
    from
        users u1_0 
    where
        u1_0.user_id=?
2026-05-21T13:06:12.044+09:00 TRACE 28072 --- [demo] [http-nio-8080-exec-4] org.hibernate.orm.jdbc.bind              : binding parameter (1:BIGINT) <- [1]
2026-05-21T13:06:12.049+09:00 DEBUG 28072 --- [demo] [http-nio-8080-exec-5] org.hibernate.SQL                        : 
    select
        rt1_0.id,
        rt1_0.created_at,
        rt1_0.expires_at,
        rt1_0.token,
        rt1_0.user_id 
    from
        refresh_token rt1_0 
    where
        rt1_0.token=?
2026-05-21T13:06:12.050+09:00 TRACE 28072 --- [demo] [http-nio-8080-exec-5] org.hibernate.orm.jdbc.bind              : binding parameter (1:VARCHAR) <- [eyJhbGciOiJIUzI1NiJ9.eyJzdWIiOiIxIiwidHlwZSI6InJlZnJlc2giLCJpYXQiOjE3NzkzMzYzNzEsImV4cCI6MTc3OTk0MTE3MX0._Q9s2hLC16vPGwlV1zad8KNhPdFDSzu7pro265DZ_FI]
2026-05-21T13:06:12.055+09:00 DEBUG 28072 --- [demo] [http-nio-8080-exec-4] w.c.HttpSessionSecurityContextRepository : Retrieved SecurityContextImpl [Authentication=UsernamePasswordAuthenticationToken [Principal=docuTag.domain.jwt.SecurityUser@39778e0b, Credentials=[PROTECTED], Authenticated=true, Details=WebAuthenticationDetails [RemoteIpAddress=0:0:0:0:0:0:0:1, SessionId=FEC1F9ACE06CA6C1DDEC7BDC14D4DBC9], Granted Authorities=[ROLE_USER]]]
2026-05-21T13:06:12.055+09:00  INFO 28072 --- [demo] [http-nio-8080-exec-4] d.domain.jwt.JwtAuthenticationFilter     : JWT 인증 성공 - userId: 1
2026-05-21T13:06:12.059+09:00 DEBUG 28072 --- [demo] [http-nio-8080-exec-4] o.s.security.web.FilterChainProxy        : Secured GET /api/documents?size=10
2026-05-21T13:06:12.065+09:00 DEBUG 28072 --- [demo] [http-nio-8080-exec-5] org.hibernate.SQL                        : 
    select
        u1_0.user_id,
        u1_0.created_at,
        u1_0.email,
        u1_0.nickname,
        u1_0.oauth_provider,
        u1_0.password,
        u1_0.provider_id,
        u1_0.updated_at 
    from
        users u1_0 
    where
        u1_0.user_id=?
2026-05-21T13:06:12.066+09:00 TRACE 28072 --- [demo] [http-nio-8080-exec-5] org.hibernate.orm.jdbc.bind              : binding parameter (1:BIGINT) <- [1]
2026-05-21T13:06:12.068+09:00 DEBUG 28072 --- [demo] [http-nio-8080-exec-4] org.hibernate.SQL                        : 
    select
        u1_0.user_id,
        u1_0.created_at,
        u1_0.email,
        u1_0.nickname,
        u1_0.oauth_provider,
        u1_0.password,
        u1_0.provider_id,
        u1_0.updated_at 
    from
        users u1_0 
    where
        u1_0.user_id=?
2026-05-21T13:06:12.068+09:00 TRACE 28072 --- [demo] [http-nio-8080-exec-4] org.hibernate.orm.jdbc.bind              : binding parameter (1:BIGINT) <- [1]
2026-05-21T13:06:12.073+09:00  INFO 28072 --- [demo] [http-nio-8080-exec-4] d.domain.jwt.JwtAuthenticationFilter     : JWT 인증 성공 - userId: 1
2026-05-21T13:06:12.122+09:00 DEBUG 28072 --- [demo] [http-nio-8080-exec-4] org.hibernate.SQL                        : 
    SELECT
        d.* 
    FROM
        documents d 
    WHERE
        d.user_id = ?     
        AND (
            ? IS NULL 
            OR d.document_id < ?
        )     
        AND (
            ? IS NULL 
            OR d.title LIKE CONCAT('%', ?, '%')
        ) 
    ORDER BY
        d.document_id DESC 
    LIMIT
        ? 
2026-05-21T13:06:12.123+09:00 TRACE 28072 --- [demo] [http-nio-8080-exec-4] org.hibernate.orm.jdbc.bind              : binding parameter (1:BIGINT) <- [1]
2026-05-21T13:06:12.123+09:00 TRACE 28072 --- [demo] [http-nio-8080-exec-4] org.hibernate.orm.jdbc.bind              : binding parameter (2:BIGINT) <- [null]
2026-05-21T13:06:12.123+09:00 TRACE 28072 --- [demo] [http-nio-8080-exec-4] org.hibernate.orm.jdbc.bind              : binding parameter (3:BIGINT) <- [null]
2026-05-21T13:06:12.123+09:00 TRACE 28072 --- [demo] [http-nio-8080-exec-4] org.hibernate.orm.jdbc.bind              : binding parameter (4:VARCHAR) <- [null]
2026-05-21T13:06:12.123+09:00 TRACE 28072 --- [demo] [http-nio-8080-exec-4] org.hibernate.orm.jdbc.bind              : binding parameter (5:VARCHAR) <- [null]
2026-05-21T13:06:12.123+09:00 TRACE 28072 --- [demo] [http-nio-8080-exec-4] org.hibernate.orm.jdbc.bind              : binding parameter (6:INTEGER) <- [11]
2026-05-21T13:06:12.192+09:00 DEBUG 28072 --- [demo] [http-nio-8080-exec-4] org.hibernate.SQL                        : 
    select
        d1_0.document_id,
        d1_0.content,
        d1_0.created_at,
        dt1_0.document_id,
        dt1_0.document_tag_id,
        dt1_0.created_at,
        dt1_0.tag_id,
        t1_0.tag_id,
        t1_0.created_at,
        t1_0.tag_name,
        d1_0.title,
        d1_0.updated_at,
        d1_0.user_id 
    from
        documents d1_0 
    left join
        document_tags dt1_0 
            on d1_0.document_id=dt1_0.document_id 
    left join
        tags t1_0 
            on t1_0.tag_id=dt1_0.tag_id 
    where
        d1_0.document_id in (?, ?, ?, ?, ?, ?, ?, ?, ?, ?) 
        and d1_0.user_id=? 
    order by
        d1_0.created_at desc
2026-05-21T13:06:12.192+09:00 TRACE 28072 --- [demo] [http-nio-8080-exec-4] org.hibernate.orm.jdbc.bind              : binding parameter (1:BIGINT) <- [30]
2026-05-21T13:06:12.193+09:00 TRACE 28072 --- [demo] [http-nio-8080-exec-4] org.hibernate.orm.jdbc.bind              : binding parameter (2:BIGINT) <- [29]
2026-05-21T13:06:12.193+09:00 TRACE 28072 --- [demo] [http-nio-8080-exec-4] org.hibernate.orm.jdbc.bind              : binding parameter (3:BIGINT) <- [28]
2026-05-21T13:06:12.193+09:00 TRACE 28072 --- [demo] [http-nio-8080-exec-4] org.hibernate.orm.jdbc.bind              : binding parameter (4:BIGINT) <- [27]
2026-05-21T13:06:12.193+09:00 TRACE 28072 --- [demo] [http-nio-8080-exec-4] org.hibernate.orm.jdbc.bind              : binding parameter (5:BIGINT) <- [26]
2026-05-21T13:06:12.193+09:00 TRACE 28072 --- [demo] [http-nio-8080-exec-4] org.hibernate.orm.jdbc.bind              : binding parameter (6:BIGINT) <- [25]
2026-05-21T13:06:12.193+09:00 TRACE 28072 --- [demo] [http-nio-8080-exec-4] org.hibernate.orm.jdbc.bind              : binding parameter (7:BIGINT) <- [24]
2026-05-21T13:06:12.193+09:00 TRACE 28072 --- [demo] [http-nio-8080-exec-4] org.hibernate.orm.jdbc.bind              : binding parameter (8:BIGINT) <- [23]
2026-05-21T13:06:12.193+09:00 TRACE 28072 --- [demo] [http-nio-8080-exec-4] org.hibernate.orm.jdbc.bind              : binding parameter (9:BIGINT) <- [22]
2026-05-21T13:06:12.193+09:00 TRACE 28072 --- [demo] [http-nio-8080-exec-4] org.hibernate.orm.jdbc.bind              : binding parameter (10:BIGINT) <- [21]
2026-05-21T13:06:12.193+09:00 TRACE 28072 --- [demo] [http-nio-8080-exec-4] org.hibernate.orm.jdbc.bind              : binding parameter (11:BIGINT) <- [1]
2026-05-21T13:06:13.235+09:00 DEBUG 28072 --- [demo] [http-nio-8080-exec-8] o.s.security.web.FilterChainProxy        : Securing OPTIONS /api/documents?lastId=21&size=10
2026-05-21T13:06:13.239+09:00 DEBUG 28072 --- [demo] [http-nio-8080-exec-9] o.s.security.web.FilterChainProxy        : Securing GET /api/documents?lastId=21&size=10
2026-05-21T13:06:13.242+09:00 TRACE 28072 --- [demo] [http-nio-8080-exec-9] .s.o.c.w.OAuth2LoginAuthenticationFilter : Did not match request to Ant [pattern='/login/oauth2/code/*']
2026-05-21T13:06:13.254+09:00 DEBUG 28072 --- [demo] [http-nio-8080-exec-9] org.hibernate.SQL                        : 
    select
        u1_0.user_id,
        u1_0.created_at,
        u1_0.email,
        u1_0.nickname,
        u1_0.oauth_provider,
        u1_0.password,
        u1_0.provider_id,
        u1_0.updated_at 
    from
        users u1_0 
    where
        u1_0.user_id=?
2026-05-21T13:06:13.254+09:00 TRACE 28072 --- [demo] [http-nio-8080-exec-9] org.hibernate.orm.jdbc.bind              : binding parameter (1:BIGINT) <- [1]
2026-05-21T13:06:13.262+09:00 DEBUG 28072 --- [demo] [http-nio-8080-exec-9] w.c.HttpSessionSecurityContextRepository : Retrieved SecurityContextImpl [Authentication=UsernamePasswordAuthenticationToken [Principal=docuTag.domain.jwt.SecurityUser@482cd2bb, Credentials=[PROTECTED], Authenticated=true, Details=WebAuthenticationDetails [RemoteIpAddress=0:0:0:0:0:0:0:1, SessionId=8E4A779C593AFC7FDDB02B57553CF018], Granted Authorities=[ROLE_USER]]]
2026-05-21T13:06:13.262+09:00  INFO 28072 --- [demo] [http-nio-8080-exec-9] d.domain.jwt.JwtAuthenticationFilter     : JWT 인증 성공 - userId: 1
2026-05-21T13:06:13.263+09:00 DEBUG 28072 --- [demo] [http-nio-8080-exec-9] o.s.security.web.FilterChainProxy        : Secured GET /api/documents?lastId=21&size=10
2026-05-21T13:06:13.275+09:00 DEBUG 28072 --- [demo] [http-nio-8080-exec-9] org.hibernate.SQL                        : 
    select
        u1_0.user_id,
        u1_0.created_at,
        u1_0.email,
        u1_0.nickname,
        u1_0.oauth_provider,
        u1_0.password,
        u1_0.provider_id,
        u1_0.updated_at 
    from
        users u1_0 
    where
        u1_0.user_id=?
2026-05-21T13:06:13.276+09:00 TRACE 28072 --- [demo] [http-nio-8080-exec-9] org.hibernate.orm.jdbc.bind              : binding parameter (1:BIGINT) <- [1]
2026-05-21T13:06:13.284+09:00  INFO 28072 --- [demo] [http-nio-8080-exec-9] d.domain.jwt.JwtAuthenticationFilter     : JWT 인증 성공 - userId: 1
2026-05-21T13:06:13.292+09:00 DEBUG 28072 --- [demo] [http-nio-8080-exec-9] org.hibernate.SQL                        : 
    SELECT
        d.* 
    FROM
        documents d 
    WHERE
        d.user_id = ?     
        AND (
            ? IS NULL 
            OR d.document_id < ?
        )     
        AND (
            ? IS NULL 
            OR d.title LIKE CONCAT('%', ?, '%')
        ) 
    ORDER BY
        d.document_id DESC 
    LIMIT
        ? 
2026-05-21T13:06:13.293+09:00 TRACE 28072 --- [demo] [http-nio-8080-exec-9] org.hibernate.orm.jdbc.bind              : binding parameter (1:BIGINT) <- [1]
2026-05-21T13:06:13.293+09:00 TRACE 28072 --- [demo] [http-nio-8080-exec-9] org.hibernate.orm.jdbc.bind              : binding parameter (2:BIGINT) <- [21]
2026-05-21T13:06:13.293+09:00 TRACE 28072 --- [demo] [http-nio-8080-exec-9] org.hibernate.orm.jdbc.bind              : binding parameter (3:BIGINT) <- [21]
2026-05-21T13:06:13.293+09:00 TRACE 28072 --- [demo] [http-nio-8080-exec-9] org.hibernate.orm.jdbc.bind              : binding parameter (4:VARCHAR) <- [null]
2026-05-21T13:06:13.293+09:00 TRACE 28072 --- [demo] [http-nio-8080-exec-9] org.hibernate.orm.jdbc.bind              : binding parameter (5:VARCHAR) <- [null]
2026-05-21T13:06:13.293+09:00 TRACE 28072 --- [demo] [http-nio-8080-exec-9] org.hibernate.orm.jdbc.bind              : binding parameter (6:INTEGER) <- [11]
2026-05-21T13:06:13.303+09:00 DEBUG 28072 --- [demo] [http-nio-8080-exec-9] org.hibernate.SQL                        : 
    select
        d1_0.document_id,
        d1_0.content,
        d1_0.created_at,
        dt1_0.document_id,
        dt1_0.document_tag_id,
        dt1_0.created_at,
        dt1_0.tag_id,
        t1_0.tag_id,
        t1_0.created_at,
        t1_0.tag_name,
        d1_0.title,
        d1_0.updated_at,
        d1_0.user_id 
    from
        documents d1_0 
    left join
        document_tags dt1_0 
            on d1_0.document_id=dt1_0.document_id 
    left join
        tags t1_0 
            on t1_0.tag_id=dt1_0.tag_id 
    where
        d1_0.document_id in (?, ?, ?, ?, ?, ?, ?, ?, ?, ?) 
        and d1_0.user_id=? 
    order by
        d1_0.created_at desc
2026-05-21T13:06:13.303+09:00 TRACE 28072 --- [demo] [http-nio-8080-exec-9] org.hibernate.orm.jdbc.bind              : binding parameter (1:BIGINT) <- [20]
2026-05-21T13:06:13.303+09:00 TRACE 28072 --- [demo] [http-nio-8080-exec-9] org.hibernate.orm.jdbc.bind              : binding parameter (2:BIGINT) <- [19]
2026-05-21T13:06:13.304+09:00 TRACE 28072 --- [demo] [http-nio-8080-exec-9] org.hibernate.orm.jdbc.bind              : binding parameter (3:BIGINT) <- [18]
2026-05-21T13:06:13.304+09:00 TRACE 28072 --- [demo] [http-nio-8080-exec-9] org.hibernate.orm.jdbc.bind              : binding parameter (4:BIGINT) <- [17]
2026-05-21T13:06:13.304+09:00 TRACE 28072 --- [demo] [http-nio-8080-exec-9] org.hibernate.orm.jdbc.bind              : binding parameter (5:BIGINT) <- [16]
2026-05-21T13:06:13.304+09:00 TRACE 28072 --- [demo] [http-nio-8080-exec-9] org.hibernate.orm.jdbc.bind              : binding parameter (6:BIGINT) <- [15]
2026-05-21T13:06:13.304+09:00 TRACE 28072 --- [demo] [http-nio-8080-exec-9] org.hibernate.orm.jdbc.bind              : binding parameter (7:BIGINT) <- [14]
2026-05-21T13:06:13.304+09:00 TRACE 28072 --- [demo] [http-nio-8080-exec-9] org.hibernate.orm.jdbc.bind              : binding parameter (8:BIGINT) <- [13]
2026-05-21T13:06:13.304+09:00 TRACE 28072 --- [demo] [http-nio-8080-exec-9] org.hibernate.orm.jdbc.bind              : binding parameter (9:BIGINT) <- [12]
2026-05-21T13:06:13.304+09:00 TRACE 28072 --- [demo] [http-nio-8080-exec-9] org.hibernate.orm.jdbc.bind              : binding parameter (10:BIGINT) <- [11]
2026-05-21T13:06:13.304+09:00 TRACE 28072 --- [demo] [http-nio-8080-exec-9] org.hibernate.orm.jdbc.bind              : binding parameter (11:BIGINT) <- [1]
2026-05-21T13:06:23.166+09:00 DEBUG 28072 --- [demo] [http-nio-8080-exec-10] o.s.security.web.FilterChainProxy        : Securing OPTIONS /api/log/click
2026-05-21T13:06:23.169+09:00 DEBUG 28072 --- [demo] [http-nio-8080-exec-2] o.s.security.web.FilterChainProxy        : Securing POST /api/log/click
2026-05-21T13:06:23.169+09:00 TRACE 28072 --- [demo] [http-nio-8080-exec-2] .s.o.c.w.OAuth2LoginAuthenticationFilter : Did not match request to Ant [pattern='/login/oauth2/code/*']
2026-05-21T13:06:23.185+09:00 DEBUG 28072 --- [demo] [http-nio-8080-exec-2] org.hibernate.SQL                        : 
    select
        u1_0.user_id,
        u1_0.created_at,
        u1_0.email,
        u1_0.nickname,
        u1_0.oauth_provider,
        u1_0.password,
        u1_0.provider_id,
        u1_0.updated_at 
    from
        users u1_0 
    where
        u1_0.user_id=?
2026-05-21T13:06:23.185+09:00 TRACE 28072 --- [demo] [http-nio-8080-exec-2] org.hibernate.orm.jdbc.bind              : binding parameter (1:BIGINT) <- [1]
2026-05-21T13:06:23.193+09:00 DEBUG 28072 --- [demo] [http-nio-8080-exec-2] w.c.HttpSessionSecurityContextRepository : Retrieved SecurityContextImpl [Authentication=UsernamePasswordAuthenticationToken [Principal=docuTag.domain.jwt.SecurityUser@3d9ab5a6, Credentials=[PROTECTED], Authenticated=true, Details=WebAuthenticationDetails [RemoteIpAddress=0:0:0:0:0:0:0:1, SessionId=8E4A779C593AFC7FDDB02B57553CF018], Granted Authorities=[ROLE_USER]]]
2026-05-21T13:06:23.193+09:00  INFO 28072 --- [demo] [http-nio-8080-exec-2] d.domain.jwt.JwtAuthenticationFilter     : JWT 인증 성공 - userId: 1
2026-05-21T13:06:23.194+09:00 DEBUG 28072 --- [demo] [http-nio-8080-exec-2] o.s.security.web.FilterChainProxy        : Secured POST /api/log/click
2026-05-21T13:06:23.203+09:00 DEBUG 28072 --- [demo] [http-nio-8080-exec-2] org.hibernate.SQL                        : 
    select
        u1_0.user_id,
        u1_0.created_at,
        u1_0.email,
        u1_0.nickname,
        u1_0.oauth_provider,
        u1_0.password,
        u1_0.provider_id,
        u1_0.updated_at 
    from
        users u1_0 
    where
        u1_0.user_id=?
2026-05-21T13:06:23.203+09:00 TRACE 28072 --- [demo] [http-nio-8080-exec-2] org.hibernate.orm.jdbc.bind              : binding parameter (1:BIGINT) <- [1]
2026-05-21T13:06:23.211+09:00  INFO 28072 --- [demo] [http-nio-8080-exec-2] d.domain.jwt.JwtAuthenticationFilter     : JWT 인증 성공 - userId: 1
2026-05-21T13:06:23.246+09:00  INFO 28072 --- [demo] [http-nio-8080-exec-2] o.a.k.clients.producer.ProducerConfig    : ProducerConfig values: 
	acks = -1
	auto.include.jmx.reporter = true
	batch.size = 16384
	bootstrap.servers = [localhost:9092]
	buffer.memory = 33554432
	client.dns.lookup = use_all_dns_ips
	client.id = demo-producer-1
	compression.gzip.level = -1
	compression.lz4.level = 9
	compression.type = none
	compression.zstd.level = 3
	connections.max.idle.ms = 540000
	delivery.timeout.ms = 120000
	enable.idempotence = true
	enable.metrics.push = true
	interceptor.classes = []
	key.serializer = class org.apache.kafka.common.serialization.StringSerializer
	linger.ms = 0
	max.block.ms = 60000
	max.in.flight.requests.per.connection = 5
	max.request.size = 1048576
	metadata.max.age.ms = 300000
	metadata.max.idle.ms = 300000
	metadata.recovery.strategy = none
	metric.reporters = []
	metrics.num.samples = 2
	metrics.recording.level = INFO
	metrics.sample.window.ms = 30000
	partitioner.adaptive.partitioning.enable = true
	partitioner.availability.timeout.ms = 0
	partitioner.class = null
	partitioner.ignore.keys = false
	receive.buffer.bytes = 32768
	reconnect.backoff.max.ms = 1000
	reconnect.backoff.ms = 50
	request.timeout.ms = 30000
	retries = 2147483647
	retry.backoff.max.ms = 1000
	retry.backoff.ms = 100
	sasl.client.callback.handler.class = null
	sasl.jaas.config = null
	sasl.kerberos.kinit.cmd = /usr/bin/kinit
	sasl.kerberos.min.time.before.relogin = 60000
	sasl.kerberos.service.name = null
	sasl.kerberos.ticket.renew.jitter = 0.05
	sasl.kerberos.ticket.renew.window.factor = 0.8
	sasl.login.callback.handler.class = null
	sasl.login.class = null
	sasl.login.connect.timeout.ms = null
	sasl.login.read.timeout.ms = null
	sasl.login.refresh.buffer.seconds = 300
	sasl.login.refresh.min.period.seconds = 60
	sasl.login.refresh.window.factor = 0.8
	sasl.login.refresh.window.jitter = 0.05
	sasl.login.retry.backoff.max.ms = 10000
	sasl.login.retry.backoff.ms = 100
	sasl.mechanism = GSSAPI
	sasl.oauthbearer.clock.skew.seconds = 30
	sasl.oauthbearer.expected.audience = null
	sasl.oauthbearer.expected.issuer = null
	sasl.oauthbearer.jwks.endpoint.refresh.ms = 3600000
	sasl.oauthbearer.jwks.endpoint.retry.backoff.max.ms = 10000
	sasl.oauthbearer.jwks.endpoint.retry.backoff.ms = 100
	sasl.oauthbearer.jwks.endpoint.url = null
	sasl.oauthbearer.scope.claim.name = scope
	sasl.oauthbearer.sub.claim.name = sub
	sasl.oauthbearer.token.endpoint.url = null
	security.protocol = PLAINTEXT
	security.providers = null
	send.buffer.bytes = 131072
	socket.connection.setup.timeout.max.ms = 30000
	socket.connection.setup.timeout.ms = 10000
	ssl.cipher.suites = null
	ssl.enabled.protocols = [TLSv1.2, TLSv1.3]
	ssl.endpoint.identification.algorithm = https
	ssl.engine.factory.class = null
	ssl.key.password = null
	ssl.keymanager.algorithm = SunX509
	ssl.keystore.certificate.chain = null
	ssl.keystore.key = null
	ssl.keystore.location = null
	ssl.keystore.password = null
	ssl.keystore.type = JKS
	ssl.protocol = TLSv1.3
	ssl.provider = null
	ssl.secure.random.implementation = null
	ssl.trustmanager.algorithm = PKIX
	ssl.truststore.certificates = null
	ssl.truststore.location = null
	ssl.truststore.password = null
	ssl.truststore.type = JKS
	transaction.timeout.ms = 60000
	transactional.id = null
	value.serializer = class org.springframework.kafka.support.serializer.JsonSerializer

2026-05-21T13:06:23.246+09:00  INFO 28072 --- [demo] [http-nio-8080-exec-2] o.a.k.c.t.i.KafkaMetricsCollector        : initializing Kafka metrics collector
2026-05-21T13:06:23.257+09:00  INFO 28072 --- [demo] [http-nio-8080-exec-2] o.a.k.clients.producer.KafkaProducer     : [Producer clientId=demo-producer-1] Instantiated an idempotent producer.
2026-05-21T13:06:23.291+09:00  INFO 28072 --- [demo] [http-nio-8080-exec-2] o.a.kafka.common.utils.AppInfoParser     : Kafka version: 3.8.1
2026-05-21T13:06:23.291+09:00  INFO 28072 --- [demo] [http-nio-8080-exec-2] o.a.kafka.common.utils.AppInfoParser     : Kafka commitId: 70d6ff42debf7e17
2026-05-21T13:06:23.291+09:00  INFO 28072 --- [demo] [http-nio-8080-exec-2] o.a.kafka.common.utils.AppInfoParser     : Kafka startTimeMs: 1779336383291
2026-05-21T13:06:23.308+09:00  INFO 28072 --- [demo] [kafka-producer-network-thread | demo-producer-1] org.apache.kafka.clients.Metadata        : [Producer clientId=demo-producer-1] Cluster ID: TvrqXVjhQCK6mFRis1nKtQ
2026-05-21T13:06:23.407+09:00  INFO 28072 --- [demo] [kafka-producer-network-thread | demo-producer-1] o.a.k.c.p.internals.TransactionManager   : [Producer clientId=demo-producer-1] ProducerId set to 2000 with epoch 0
2026-05-21T13:06:25.889+09:00 DEBUG 28072 --- [demo] [http-nio-8080-exec-7] o.s.security.web.FilterChainProxy        : Securing OPTIONS /api/documents
2026-05-21T13:06:25.892+09:00 DEBUG 28072 --- [demo] [http-nio-8080-exec-1] o.s.security.web.FilterChainProxy        : Securing POST /api/documents
2026-05-21T13:06:25.892+09:00 TRACE 28072 --- [demo] [http-nio-8080-exec-1] .s.o.c.w.OAuth2LoginAuthenticationFilter : Did not match request to Ant [pattern='/login/oauth2/code/*']
2026-05-21T13:06:25.905+09:00 DEBUG 28072 --- [demo] [http-nio-8080-exec-1] org.hibernate.SQL                        : 
    select
        u1_0.user_id,
        u1_0.created_at,
        u1_0.email,
        u1_0.nickname,
        u1_0.oauth_provider,
        u1_0.password,
        u1_0.provider_id,
        u1_0.updated_at 
    from
        users u1_0 
    where
        u1_0.user_id=?
2026-05-21T13:06:25.905+09:00 TRACE 28072 --- [demo] [http-nio-8080-exec-1] org.hibernate.orm.jdbc.bind              : binding parameter (1:BIGINT) <- [1]
2026-05-21T13:06:25.910+09:00 DEBUG 28072 --- [demo] [http-nio-8080-exec-1] w.c.HttpSessionSecurityContextRepository : Retrieved SecurityContextImpl [Authentication=UsernamePasswordAuthenticationToken [Principal=docuTag.domain.jwt.SecurityUser@7074d4d9, Credentials=[PROTECTED], Authenticated=true, Details=WebAuthenticationDetails [RemoteIpAddress=0:0:0:0:0:0:0:1, SessionId=8E4A779C593AFC7FDDB02B57553CF018], Granted Authorities=[ROLE_USER]]]
2026-05-21T13:06:25.910+09:00  INFO 28072 --- [demo] [http-nio-8080-exec-1] d.domain.jwt.JwtAuthenticationFilter     : JWT 인증 성공 - userId: 1
2026-05-21T13:06:25.910+09:00 DEBUG 28072 --- [demo] [http-nio-8080-exec-1] o.s.security.web.FilterChainProxy        : Secured POST /api/documents
2026-05-21T13:06:25.917+09:00 DEBUG 28072 --- [demo] [http-nio-8080-exec-1] org.hibernate.SQL                        : 
    select
        u1_0.user_id,
        u1_0.created_at,
        u1_0.email,
        u1_0.nickname,
        u1_0.oauth_provider,
        u1_0.password,
        u1_0.provider_id,
        u1_0.updated_at 
    from
        users u1_0 
    where
        u1_0.user_id=?
2026-05-21T13:06:25.918+09:00 TRACE 28072 --- [demo] [http-nio-8080-exec-1] org.hibernate.orm.jdbc.bind              : binding parameter (1:BIGINT) <- [1]
2026-05-21T13:06:25.923+09:00  INFO 28072 --- [demo] [http-nio-8080-exec-1] d.domain.jwt.JwtAuthenticationFilter     : JWT 인증 성공 - userId: 1
2026-05-21T13:06:25.946+09:00 DEBUG 28072 --- [demo] [http-nio-8080-exec-1] org.hibernate.SQL                        : 
    select
        u1_0.user_id,
        u1_0.created_at,
        u1_0.email,
        u1_0.nickname,
        u1_0.oauth_provider,
        u1_0.password,
        u1_0.provider_id,
        u1_0.updated_at 
    from
        users u1_0 
    where
        u1_0.user_id=?
2026-05-21T13:06:25.946+09:00 TRACE 28072 --- [demo] [http-nio-8080-exec-1] org.hibernate.orm.jdbc.bind              : binding parameter (1:BIGINT) <- [1]
2026-05-21T13:06:25.951+09:00 DEBUG 28072 --- [demo] [http-nio-8080-exec-1] org.hibernate.SQL                        : 
    insert 
    into
        documents
        (content, created_at, title, updated_at, user_id) 
    values
        (?, ?, ?, ?, ?)
2026-05-21T13:06:25.952+09:00 TRACE 28072 --- [demo] [http-nio-8080-exec-1] org.hibernate.orm.jdbc.bind              : binding parameter (1:VARCHAR) <- [3333]
2026-05-21T13:06:25.952+09:00 TRACE 28072 --- [demo] [http-nio-8080-exec-1] org.hibernate.orm.jdbc.bind              : binding parameter (2:TIMESTAMP) <- [2026-05-21T13:06:25.951214800]
2026-05-21T13:06:25.952+09:00 TRACE 28072 --- [demo] [http-nio-8080-exec-1] org.hibernate.orm.jdbc.bind              : binding parameter (3:VARCHAR) <- [2222]
2026-05-21T13:06:25.952+09:00 TRACE 28072 --- [demo] [http-nio-8080-exec-1] org.hibernate.orm.jdbc.bind              : binding parameter (4:TIMESTAMP) <- [2026-05-21T13:06:25.951214800]
2026-05-21T13:06:25.952+09:00 TRACE 28072 --- [demo] [http-nio-8080-exec-1] org.hibernate.orm.jdbc.bind              : binding parameter (5:BIGINT) <- [1]
2026-05-21T13:06:25.956+09:00  INFO 28072 --- [demo] [http-nio-8080-exec-1] d.d.document.service.DocumentService     : document 객체 저장 성공
2026-05-21T13:06:25.956+09:00  INFO 28072 --- [demo] [http-nio-8080-exec-1] d.d.document.service.DocumentService     : document_tag 객체 저장 성공
2026-05-21T13:06:26.838+09:00 DEBUG 28072 --- [demo] [http-nio-8080-exec-3] o.s.security.web.FilterChainProxy        : Securing OPTIONS /api/documents/undefined
2026-05-21T13:06:26.848+09:00 DEBUG 28072 --- [demo] [http-nio-8080-exec-6] o.s.security.web.FilterChainProxy        : Securing POST /api/log/click
2026-05-21T13:06:26.848+09:00 TRACE 28072 --- [demo] [http-nio-8080-exec-6] .s.o.c.w.OAuth2LoginAuthenticationFilter : Did not match request to Ant [pattern='/login/oauth2/code/*']
2026-05-21T13:06:26.848+09:00 DEBUG 28072 --- [demo] [http-nio-8080-exec-5] o.s.security.web.FilterChainProxy        : Securing GET /api/documents/undefined
2026-05-21T13:06:26.848+09:00 TRACE 28072 --- [demo] [http-nio-8080-exec-5] .s.o.c.w.OAuth2LoginAuthenticationFilter : Did not match request to Ant [pattern='/login/oauth2/code/*']
2026-05-21T13:06:26.856+09:00 DEBUG 28072 --- [demo] [http-nio-8080-exec-5] org.hibernate.SQL                        : 
    select
        u1_0.user_id,
        u1_0.created_at,
        u1_0.email,
        u1_0.nickname,
        u1_0.oauth_provider,
        u1_0.password,
        u1_0.provider_id,
        u1_0.updated_at 
    from
        users u1_0 
    where
        u1_0.user_id=?
2026-05-21T13:06:26.856+09:00 DEBUG 28072 --- [demo] [http-nio-8080-exec-6] org.hibernate.SQL                        : 
    select
        u1_0.user_id,
        u1_0.created_at,
        u1_0.email,
        u1_0.nickname,
        u1_0.oauth_provider,
        u1_0.password,
        u1_0.provider_id,
        u1_0.updated_at 
    from
        users u1_0 
    where
        u1_0.user_id=?
2026-05-21T13:06:26.857+09:00 TRACE 28072 --- [demo] [http-nio-8080-exec-5] org.hibernate.orm.jdbc.bind              : binding parameter (1:BIGINT) <- [1]
2026-05-21T13:06:26.857+09:00 TRACE 28072 --- [demo] [http-nio-8080-exec-6] org.hibernate.orm.jdbc.bind              : binding parameter (1:BIGINT) <- [1]
2026-05-21T13:06:26.864+09:00 DEBUG 28072 --- [demo] [http-nio-8080-exec-6] w.c.HttpSessionSecurityContextRepository : Retrieved SecurityContextImpl [Authentication=UsernamePasswordAuthenticationToken [Principal=docuTag.domain.jwt.SecurityUser@78236399, Credentials=[PROTECTED], Authenticated=true, Details=WebAuthenticationDetails [RemoteIpAddress=0:0:0:0:0:0:0:1, SessionId=8E4A779C593AFC7FDDB02B57553CF018], Granted Authorities=[ROLE_USER]]]
2026-05-21T13:06:26.864+09:00 DEBUG 28072 --- [demo] [http-nio-8080-exec-5] w.c.HttpSessionSecurityContextRepository : Retrieved SecurityContextImpl [Authentication=UsernamePasswordAuthenticationToken [Principal=docuTag.domain.jwt.SecurityUser@78236399, Credentials=[PROTECTED], Authenticated=true, Details=WebAuthenticationDetails [RemoteIpAddress=0:0:0:0:0:0:0:1, SessionId=8E4A779C593AFC7FDDB02B57553CF018], Granted Authorities=[ROLE_USER]]]
2026-05-21T13:06:26.864+09:00  INFO 28072 --- [demo] [http-nio-8080-exec-6] d.domain.jwt.JwtAuthenticationFilter     : JWT 인증 성공 - userId: 1
2026-05-21T13:06:26.864+09:00  INFO 28072 --- [demo] [http-nio-8080-exec-5] d.domain.jwt.JwtAuthenticationFilter     : JWT 인증 성공 - userId: 1
2026-05-21T13:06:26.864+09:00 DEBUG 28072 --- [demo] [http-nio-8080-exec-6] o.s.security.web.FilterChainProxy        : Secured POST /api/log/click
2026-05-21T13:06:26.864+09:00 DEBUG 28072 --- [demo] [http-nio-8080-exec-5] o.s.security.web.FilterChainProxy        : Secured GET /api/documents/undefined
2026-05-21T13:06:26.871+09:00 DEBUG 28072 --- [demo] [http-nio-8080-exec-6] org.hibernate.SQL                        : 
    select
        u1_0.user_id,
        u1_0.created_at,
        u1_0.email,
        u1_0.nickname,
        u1_0.oauth_provider,
        u1_0.password,
        u1_0.provider_id,
        u1_0.updated_at 
    from
        users u1_0 
    where
        u1_0.user_id=?
2026-05-21T13:06:26.871+09:00 DEBUG 28072 --- [demo] [http-nio-8080-exec-5] org.hibernate.SQL                        : 
    select
        u1_0.user_id,
        u1_0.created_at,
        u1_0.email,
        u1_0.nickname,
        u1_0.oauth_provider,
        u1_0.password,
        u1_0.provider_id,
        u1_0.updated_at 
    from
        users u1_0 
    where
        u1_0.user_id=?
2026-05-21T13:06:26.871+09:00 TRACE 28072 --- [demo] [http-nio-8080-exec-6] org.hibernate.orm.jdbc.bind              : binding parameter (1:BIGINT) <- [1]
2026-05-21T13:06:26.871+09:00 TRACE 28072 --- [demo] [http-nio-8080-exec-5] org.hibernate.orm.jdbc.bind              : binding parameter (1:BIGINT) <- [1]
2026-05-21T13:06:26.875+09:00  INFO 28072 --- [demo] [http-nio-8080-exec-5] d.domain.jwt.JwtAuthenticationFilter     : JWT 인증 성공 - userId: 1
2026-05-21T13:06:26.875+09:00  INFO 28072 --- [demo] [http-nio-8080-exec-6] d.domain.jwt.JwtAuthenticationFilter     : JWT 인증 성공 - userId: 1
2026-05-21T13:06:52.546+09:00 DEBUG 28072 --- [demo] [http-nio-8080-exec-4] o.s.security.web.FilterChainProxy        : Securing OPTIONS /api/documents/undefined
2026-05-21T13:06:52.548+09:00 DEBUG 28072 --- [demo] [http-nio-8080-exec-8] o.s.security.web.FilterChainProxy        : Securing OPTIONS /api/log/click
2026-05-21T13:06:52.548+09:00 DEBUG 28072 --- [demo] [http-nio-8080-exec-9] o.s.security.web.FilterChainProxy        : Securing GET /api/documents/undefined
2026-05-21T13:06:52.551+09:00 TRACE 28072 --- [demo] [http-nio-8080-exec-9] .s.o.c.w.OAuth2LoginAuthenticationFilter : Did not match request to Ant [pattern='/login/oauth2/code/*']
2026-05-21T13:06:52.554+09:00 DEBUG 28072 --- [demo] [http-nio-8080-exec-10] o.s.security.web.FilterChainProxy        : Securing POST /api/log/click
2026-05-21T13:06:52.554+09:00 TRACE 28072 --- [demo] [http-nio-8080-exec-10] .s.o.c.w.OAuth2LoginAuthenticationFilter : Did not match request to Ant [pattern='/login/oauth2/code/*']
2026-05-21T13:06:52.561+09:00 DEBUG 28072 --- [demo] [http-nio-8080-exec-9] org.hibernate.SQL                        : 
    select
        u1_0.user_id,
        u1_0.created_at,
        u1_0.email,
        u1_0.nickname,
        u1_0.oauth_provider,
        u1_0.password,
        u1_0.provider_id,
        u1_0.updated_at 
    from
        users u1_0 
    where
        u1_0.user_id=?
2026-05-21T13:06:52.561+09:00 TRACE 28072 --- [demo] [http-nio-8080-exec-9] org.hibernate.orm.jdbc.bind              : binding parameter (1:BIGINT) <- [1]
2026-05-21T13:06:52.564+09:00 DEBUG 28072 --- [demo] [http-nio-8080-exec-10] org.hibernate.SQL                        : 
    select
        u1_0.user_id,
        u1_0.created_at,
        u1_0.email,
        u1_0.nickname,
        u1_0.oauth_provider,
        u1_0.password,
        u1_0.provider_id,
        u1_0.updated_at 
    from
        users u1_0 
    where
        u1_0.user_id=?
2026-05-21T13:06:52.565+09:00 TRACE 28072 --- [demo] [http-nio-8080-exec-10] org.hibernate.orm.jdbc.bind              : binding parameter (1:BIGINT) <- [1]
2026-05-21T13:06:52.568+09:00 DEBUG 28072 --- [demo] [http-nio-8080-exec-9] w.c.HttpSessionSecurityContextRepository : Retrieved SecurityContextImpl [Authentication=UsernamePasswordAuthenticationToken [Principal=docuTag.domain.jwt.SecurityUser@3f0aac49, Credentials=[PROTECTED], Authenticated=true, Details=WebAuthenticationDetails [RemoteIpAddress=0:0:0:0:0:0:0:1, SessionId=8E4A779C593AFC7FDDB02B57553CF018], Granted Authorities=[ROLE_USER]]]
2026-05-21T13:06:52.568+09:00  INFO 28072 --- [demo] [http-nio-8080-exec-9] d.domain.jwt.JwtAuthenticationFilter     : JWT 인증 성공 - userId: 1
2026-05-21T13:06:52.569+09:00 DEBUG 28072 --- [demo] [http-nio-8080-exec-9] o.s.security.web.FilterChainProxy        : Secured GET /api/documents/undefined
2026-05-21T13:06:52.570+09:00 DEBUG 28072 --- [demo] [http-nio-8080-exec-10] w.c.HttpSessionSecurityContextRepository : Retrieved SecurityContextImpl [Authentication=UsernamePasswordAuthenticationToken [Principal=docuTag.domain.jwt.SecurityUser@5c3f0a5c, Credentials=[PROTECTED], Authenticated=true, Details=WebAuthenticationDetails [RemoteIpAddress=0:0:0:0:0:0:0:1, SessionId=8E4A779C593AFC7FDDB02B57553CF018], Granted Authorities=[ROLE_USER]]]
2026-05-21T13:06:52.570+09:00  INFO 28072 --- [demo] [http-nio-8080-exec-10] d.domain.jwt.JwtAuthenticationFilter     : JWT 인증 성공 - userId: 1
2026-05-21T13:06:52.570+09:00 DEBUG 28072 --- [demo] [http-nio-8080-exec-10] o.s.security.web.FilterChainProxy        : Secured POST /api/log/click
2026-05-21T13:06:52.577+09:00 DEBUG 28072 --- [demo] [http-nio-8080-exec-9] org.hibernate.SQL                        : 
    select
        u1_0.user_id,
        u1_0.created_at,
        u1_0.email,
        u1_0.nickname,
        u1_0.oauth_provider,
        u1_0.password,
        u1_0.provider_id,
        u1_0.updated_at 
    from
        users u1_0 
    where
        u1_0.user_id=?
2026-05-21T13:06:52.578+09:00 TRACE 28072 --- [demo] [http-nio-8080-exec-9] org.hibernate.orm.jdbc.bind              : binding parameter (1:BIGINT) <- [1]
2026-05-21T13:06:52.578+09:00 DEBUG 28072 --- [demo] [http-nio-8080-exec-10] org.hibernate.SQL                        : 
    select
        u1_0.user_id,
        u1_0.created_at,
        u1_0.email,
        u1_0.nickname,
        u1_0.oauth_provider,
        u1_0.password,
        u1_0.provider_id,
        u1_0.updated_at 
    from
        users u1_0 
    where
        u1_0.user_id=?
2026-05-21T13:06:52.578+09:00 TRACE 28072 --- [demo] [http-nio-8080-exec-10] org.hibernate.orm.jdbc.bind              : binding parameter (1:BIGINT) <- [1]
2026-05-21T13:06:52.584+09:00  INFO 28072 --- [demo] [http-nio-8080-exec-10] d.domain.jwt.JwtAuthenticationFilter     : JWT 인증 성공 - userId: 1
2026-05-21T13:06:52.584+09:00  INFO 28072 --- [demo] [http-nio-8080-exec-9] d.domain.jwt.JwtAuthenticationFilter     : JWT 인증 성공 - userId: 1
2026-05-21T13:15:01.045+09:00 DEBUG 28072 --- [demo] [http-nio-8080-exec-3] o.s.security.web.FilterChainProxy        : Securing GET /api/jwt/me
2026-05-21T13:15:01.046+09:00 TRACE 28072 --- [demo] [http-nio-8080-exec-3] .s.o.c.w.OAuth2LoginAuthenticationFilter : Did not match request to Ant [pattern='/login/oauth2/code/*']
2026-05-21T13:15:01.054+09:00 DEBUG 28072 --- [demo] [http-nio-8080-exec-3] org.hibernate.SQL                        : 
    select
        u1_0.user_id,
        u1_0.created_at,
        u1_0.email,
        u1_0.nickname,
        u1_0.oauth_provider,
        u1_0.password,
        u1_0.provider_id,
        u1_0.updated_at 
    from
        users u1_0 
    where
        u1_0.user_id=?
2026-05-21T13:15:01.055+09:00 TRACE 28072 --- [demo] [http-nio-8080-exec-3] org.hibernate.orm.jdbc.bind              : binding parameter (1:BIGINT) <- [1]
2026-05-21T13:15:01.062+09:00 DEBUG 28072 --- [demo] [http-nio-8080-exec-3] w.c.HttpSessionSecurityContextRepository : Retrieved SecurityContextImpl [Authentication=UsernamePasswordAuthenticationToken [Principal=docuTag.domain.jwt.SecurityUser@703644b4, Credentials=[PROTECTED], Authenticated=true, Details=WebAuthenticationDetails [RemoteIpAddress=0:0:0:0:0:0:0:1, SessionId=8E4A779C593AFC7FDDB02B57553CF018], Granted Authorities=[ROLE_USER]]]
2026-05-21T13:15:01.062+09:00  INFO 28072 --- [demo] [http-nio-8080-exec-3] d.domain.jwt.JwtAuthenticationFilter     : JWT 인증 성공 - userId: 1
2026-05-21T13:15:01.062+09:00 DEBUG 28072 --- [demo] [http-nio-8080-exec-3] o.s.security.web.FilterChainProxy        : Secured GET /api/jwt/me
2026-05-21T13:15:01.069+09:00 DEBUG 28072 --- [demo] [http-nio-8080-exec-3] org.hibernate.SQL                        : 
    select
        u1_0.user_id,
        u1_0.created_at,
        u1_0.email,
        u1_0.nickname,
        u1_0.oauth_provider,
        u1_0.password,
        u1_0.provider_id,
        u1_0.updated_at 
    from
        users u1_0 
    where
        u1_0.user_id=?
2026-05-21T13:15:01.069+09:00 TRACE 28072 --- [demo] [http-nio-8080-exec-3] org.hibernate.orm.jdbc.bind              : binding parameter (1:BIGINT) <- [1]
2026-05-21T13:15:01.074+09:00  INFO 28072 --- [demo] [http-nio-8080-exec-3] d.domain.jwt.JwtAuthenticationFilter     : JWT 인증 성공 - userId: 1
2026-05-21T13:15:01.082+09:00 DEBUG 28072 --- [demo] [http-nio-8080-exec-3] org.hibernate.SQL                        : 
    select
        rt1_0.id,
        rt1_0.created_at,
        rt1_0.expires_at,
        rt1_0.token,
        rt1_0.user_id 
    from
        refresh_token rt1_0 
    where
        rt1_0.token=?
2026-05-21T13:15:01.082+09:00 TRACE 28072 --- [demo] [http-nio-8080-exec-3] org.hibernate.orm.jdbc.bind              : binding parameter (1:VARCHAR) <- [eyJhbGciOiJIUzI1NiJ9.eyJzdWIiOiIxIiwidHlwZSI6InJlZnJlc2giLCJpYXQiOjE3NzkzMzYzNzEsImV4cCI6MTc3OTk0MTE3MX0._Q9s2hLC16vPGwlV1zad8KNhPdFDSzu7pro265DZ_FI]
2026-05-21T13:15:01.091+09:00 DEBUG 28072 --- [demo] [http-nio-8080-exec-3] org.hibernate.SQL                        : 
    select
        u1_0.user_id,
        u1_0.created_at,
        u1_0.email,
        u1_0.nickname,
        u1_0.oauth_provider,
        u1_0.password,
        u1_0.provider_id,
        u1_0.updated_at 
    from
        users u1_0 
    where
        u1_0.user_id=?
2026-05-21T13:15:01.091+09:00 TRACE 28072 --- [demo] [http-nio-8080-exec-3] org.hibernate.orm.jdbc.bind              : binding parameter (1:BIGINT) <- [1]
2026-05-21T13:15:01.101+09:00 DEBUG 28072 --- [demo] [http-nio-8080-exec-6] o.s.security.web.FilterChainProxy        : Securing GET /api/jwt/me
2026-05-21T13:15:01.102+09:00 TRACE 28072 --- [demo] [http-nio-8080-exec-6] .s.o.c.w.OAuth2LoginAuthenticationFilter : Did not match request to Ant [pattern='/login/oauth2/code/*']
2026-05-21T13:15:01.110+09:00 DEBUG 28072 --- [demo] [http-nio-8080-exec-6] org.hibernate.SQL                        : 
    select
        u1_0.user_id,
        u1_0.created_at,
        u1_0.email,
        u1_0.nickname,
        u1_0.oauth_provider,
        u1_0.password,
        u1_0.provider_id,
        u1_0.updated_at 
    from
        users u1_0 
    where
        u1_0.user_id=?
2026-05-21T13:15:01.111+09:00 TRACE 28072 --- [demo] [http-nio-8080-exec-6] org.hibernate.orm.jdbc.bind              : binding parameter (1:BIGINT) <- [1]
2026-05-21T13:15:01.111+09:00 DEBUG 28072 --- [demo] [http-nio-8080-exec-5] o.s.security.web.FilterChainProxy        : Securing OPTIONS /api/documents?size=10
2026-05-21T13:15:01.114+09:00 DEBUG 28072 --- [demo] [http-nio-8080-exec-4] o.s.security.web.FilterChainProxy        : Securing GET /api/documents?size=10
2026-05-21T13:15:01.115+09:00 TRACE 28072 --- [demo] [http-nio-8080-exec-4] .s.o.c.w.OAuth2LoginAuthenticationFilter : Did not match request to Ant [pattern='/login/oauth2/code/*']
2026-05-21T13:15:01.117+09:00 DEBUG 28072 --- [demo] [http-nio-8080-exec-6] w.c.HttpSessionSecurityContextRepository : Retrieved SecurityContextImpl [Authentication=UsernamePasswordAuthenticationToken [Principal=docuTag.domain.jwt.SecurityUser@12ccb92d, Credentials=[PROTECTED], Authenticated=true, Details=WebAuthenticationDetails [RemoteIpAddress=0:0:0:0:0:0:0:1, SessionId=8E4A779C593AFC7FDDB02B57553CF018], Granted Authorities=[ROLE_USER]]]
2026-05-21T13:15:01.117+09:00  INFO 28072 --- [demo] [http-nio-8080-exec-6] d.domain.jwt.JwtAuthenticationFilter     : JWT 인증 성공 - userId: 1
2026-05-21T13:15:01.118+09:00 DEBUG 28072 --- [demo] [http-nio-8080-exec-6] o.s.security.web.FilterChainProxy        : Secured GET /api/jwt/me
2026-05-21T13:15:01.124+09:00 DEBUG 28072 --- [demo] [http-nio-8080-exec-4] org.hibernate.SQL                        : 
    select
        u1_0.user_id,
        u1_0.created_at,
        u1_0.email,
        u1_0.nickname,
        u1_0.oauth_provider,
        u1_0.password,
        u1_0.provider_id,
        u1_0.updated_at 
    from
        users u1_0 
    where
        u1_0.user_id=?
2026-05-21T13:15:01.124+09:00 TRACE 28072 --- [demo] [http-nio-8080-exec-4] org.hibernate.orm.jdbc.bind              : binding parameter (1:BIGINT) <- [1]
2026-05-21T13:15:01.129+09:00 DEBUG 28072 --- [demo] [http-nio-8080-exec-6] org.hibernate.SQL                        : 
    select
        u1_0.user_id,
        u1_0.created_at,
        u1_0.email,
        u1_0.nickname,
        u1_0.oauth_provider,
        u1_0.password,
        u1_0.provider_id,
        u1_0.updated_at 
    from
        users u1_0 
    where
        u1_0.user_id=?
2026-05-21T13:15:01.129+09:00 TRACE 28072 --- [demo] [http-nio-8080-exec-6] org.hibernate.orm.jdbc.bind              : binding parameter (1:BIGINT) <- [1]
2026-05-21T13:15:01.130+09:00 DEBUG 28072 --- [demo] [http-nio-8080-exec-4] w.c.HttpSessionSecurityContextRepository : Retrieved SecurityContextImpl [Authentication=UsernamePasswordAuthenticationToken [Principal=docuTag.domain.jwt.SecurityUser@2cbf3536, Credentials=[PROTECTED], Authenticated=true, Details=WebAuthenticationDetails [RemoteIpAddress=0:0:0:0:0:0:0:1, SessionId=8E4A779C593AFC7FDDB02B57553CF018], Granted Authorities=[ROLE_USER]]]
2026-05-21T13:15:01.131+09:00  INFO 28072 --- [demo] [http-nio-8080-exec-4] d.domain.jwt.JwtAuthenticationFilter     : JWT 인증 성공 - userId: 1
2026-05-21T13:15:01.131+09:00 DEBUG 28072 --- [demo] [http-nio-8080-exec-4] o.s.security.web.FilterChainProxy        : Secured GET /api/documents?size=10
2026-05-21T13:15:01.137+09:00  INFO 28072 --- [demo] [http-nio-8080-exec-6] d.domain.jwt.JwtAuthenticationFilter     : JWT 인증 성공 - userId: 1
2026-05-21T13:15:01.139+09:00 DEBUG 28072 --- [demo] [http-nio-8080-exec-4] org.hibernate.SQL                        : 
    select
        u1_0.user_id,
        u1_0.created_at,
        u1_0.email,
        u1_0.nickname,
        u1_0.oauth_provider,
        u1_0.password,
        u1_0.provider_id,
        u1_0.updated_at 
    from
        users u1_0 
    where
        u1_0.user_id=?
2026-05-21T13:15:01.140+09:00 TRACE 28072 --- [demo] [http-nio-8080-exec-4] org.hibernate.orm.jdbc.bind              : binding parameter (1:BIGINT) <- [1]
2026-05-21T13:15:01.148+09:00  INFO 28072 --- [demo] [http-nio-8080-exec-4] d.domain.jwt.JwtAuthenticationFilter     : JWT 인증 성공 - userId: 1
2026-05-21T13:15:01.149+09:00 DEBUG 28072 --- [demo] [http-nio-8080-exec-6] org.hibernate.SQL                        : 
    select
        rt1_0.id,
        rt1_0.created_at,
        rt1_0.expires_at,
        rt1_0.token,
        rt1_0.user_id 
    from
        refresh_token rt1_0 
    where
        rt1_0.token=?
2026-05-21T13:15:01.149+09:00 TRACE 28072 --- [demo] [http-nio-8080-exec-6] org.hibernate.orm.jdbc.bind              : binding parameter (1:VARCHAR) <- [eyJhbGciOiJIUzI1NiJ9.eyJzdWIiOiIxIiwidHlwZSI6InJlZnJlc2giLCJpYXQiOjE3NzkzMzYzNzEsImV4cCI6MTc3OTk0MTE3MX0._Q9s2hLC16vPGwlV1zad8KNhPdFDSzu7pro265DZ_FI]
2026-05-21T13:15:01.154+09:00 DEBUG 28072 --- [demo] [http-nio-8080-exec-4] org.hibernate.SQL                        : 
    SELECT
        d.* 
    FROM
        documents d 
    WHERE
        d.user_id = ?     
        AND (
            ? IS NULL 
            OR d.document_id < ?
        )     
        AND (
            ? IS NULL 
            OR d.title LIKE CONCAT('%', ?, '%')
        ) 
    ORDER BY
        d.document_id DESC 
    LIMIT
        ? 
2026-05-21T13:15:01.155+09:00 TRACE 28072 --- [demo] [http-nio-8080-exec-4] org.hibernate.orm.jdbc.bind              : binding parameter (1:BIGINT) <- [1]
2026-05-21T13:15:01.155+09:00 TRACE 28072 --- [demo] [http-nio-8080-exec-4] org.hibernate.orm.jdbc.bind              : binding parameter (2:BIGINT) <- [null]
2026-05-21T13:15:01.155+09:00 TRACE 28072 --- [demo] [http-nio-8080-exec-4] org.hibernate.orm.jdbc.bind              : binding parameter (3:BIGINT) <- [null]
2026-05-21T13:15:01.155+09:00 TRACE 28072 --- [demo] [http-nio-8080-exec-4] org.hibernate.orm.jdbc.bind              : binding parameter (4:VARCHAR) <- [null]
2026-05-21T13:15:01.155+09:00 TRACE 28072 --- [demo] [http-nio-8080-exec-4] org.hibernate.orm.jdbc.bind              : binding parameter (5:VARCHAR) <- [null]
2026-05-21T13:15:01.155+09:00 TRACE 28072 --- [demo] [http-nio-8080-exec-4] org.hibernate.orm.jdbc.bind              : binding parameter (6:INTEGER) <- [11]
2026-05-21T13:15:01.164+09:00 DEBUG 28072 --- [demo] [http-nio-8080-exec-6] org.hibernate.SQL                        : 
    select
        u1_0.user_id,
        u1_0.created_at,
        u1_0.email,
        u1_0.nickname,
        u1_0.oauth_provider,
        u1_0.password,
        u1_0.provider_id,
        u1_0.updated_at 
    from
        users u1_0 
    where
        u1_0.user_id=?
2026-05-21T13:15:01.165+09:00 TRACE 28072 --- [demo] [http-nio-8080-exec-6] org.hibernate.orm.jdbc.bind              : binding parameter (1:BIGINT) <- [1]
2026-05-21T13:15:01.169+09:00 DEBUG 28072 --- [demo] [http-nio-8080-exec-4] org.hibernate.SQL                        : 
    select
        d1_0.document_id,
        d1_0.content,
        d1_0.created_at,
        dt1_0.document_id,
        dt1_0.document_tag_id,
        dt1_0.created_at,
        dt1_0.tag_id,
        t1_0.tag_id,
        t1_0.created_at,
        t1_0.tag_name,
        d1_0.title,
        d1_0.updated_at,
        d1_0.user_id 
    from
        documents d1_0 
    left join
        document_tags dt1_0 
            on d1_0.document_id=dt1_0.document_id 
    left join
        tags t1_0 
            on t1_0.tag_id=dt1_0.tag_id 
    where
        d1_0.document_id in (?, ?, ?, ?, ?, ?, ?, ?, ?, ?) 
        and d1_0.user_id=? 
    order by
        d1_0.created_at desc
2026-05-21T13:15:01.170+09:00 TRACE 28072 --- [demo] [http-nio-8080-exec-4] org.hibernate.orm.jdbc.bind              : binding parameter (1:BIGINT) <- [31]
2026-05-21T13:15:01.170+09:00 TRACE 28072 --- [demo] [http-nio-8080-exec-4] org.hibernate.orm.jdbc.bind              : binding parameter (2:BIGINT) <- [30]
2026-05-21T13:15:01.170+09:00 TRACE 28072 --- [demo] [http-nio-8080-exec-4] org.hibernate.orm.jdbc.bind              : binding parameter (3:BIGINT) <- [29]
2026-05-21T13:15:01.171+09:00 TRACE 28072 --- [demo] [http-nio-8080-exec-4] org.hibernate.orm.jdbc.bind              : binding parameter (4:BIGINT) <- [28]
2026-05-21T13:15:01.171+09:00 TRACE 28072 --- [demo] [http-nio-8080-exec-4] org.hibernate.orm.jdbc.bind              : binding parameter (5:BIGINT) <- [27]
2026-05-21T13:15:01.171+09:00 TRACE 28072 --- [demo] [http-nio-8080-exec-4] org.hibernate.orm.jdbc.bind              : binding parameter (6:BIGINT) <- [26]
2026-05-21T13:15:01.171+09:00 TRACE 28072 --- [demo] [http-nio-8080-exec-4] org.hibernate.orm.jdbc.bind              : binding parameter (7:BIGINT) <- [25]
2026-05-21T13:15:01.171+09:00 TRACE 28072 --- [demo] [http-nio-8080-exec-4] org.hibernate.orm.jdbc.bind              : binding parameter (8:BIGINT) <- [24]
2026-05-21T13:15:01.171+09:00 TRACE 28072 --- [demo] [http-nio-8080-exec-4] org.hibernate.orm.jdbc.bind              : binding parameter (9:BIGINT) <- [23]
2026-05-21T13:15:01.171+09:00 TRACE 28072 --- [demo] [http-nio-8080-exec-4] org.hibernate.orm.jdbc.bind              : binding parameter (10:BIGINT) <- [22]
2026-05-21T13:15:01.171+09:00 TRACE 28072 --- [demo] [http-nio-8080-exec-4] org.hibernate.orm.jdbc.bind              : binding parameter (11:BIGINT) <- [1]
2026-05-21T13:15:02.488+09:00 DEBUG 28072 --- [demo] [http-nio-8080-exec-8] o.s.security.web.FilterChainProxy        : Securing OPTIONS /api/log/click
2026-05-21T13:15:02.492+09:00 DEBUG 28072 --- [demo] [http-nio-8080-exec-9] o.s.security.web.FilterChainProxy        : Securing POST /api/log/click
2026-05-21T13:15:02.493+09:00 TRACE 28072 --- [demo] [http-nio-8080-exec-9] .s.o.c.w.OAuth2LoginAuthenticationFilter : Did not match request to Ant [pattern='/login/oauth2/code/*']
2026-05-21T13:15:02.502+09:00 DEBUG 28072 --- [demo] [http-nio-8080-exec-9] org.hibernate.SQL                        : 
    select
        u1_0.user_id,
        u1_0.created_at,
        u1_0.email,
        u1_0.nickname,
        u1_0.oauth_provider,
        u1_0.password,
        u1_0.provider_id,
        u1_0.updated_at 
    from
        users u1_0 
    where
        u1_0.user_id=?
2026-05-21T13:15:02.503+09:00 TRACE 28072 --- [demo] [http-nio-8080-exec-9] org.hibernate.orm.jdbc.bind              : binding parameter (1:BIGINT) <- [1]
2026-05-21T13:15:02.508+09:00 DEBUG 28072 --- [demo] [http-nio-8080-exec-9] w.c.HttpSessionSecurityContextRepository : Retrieved SecurityContextImpl [Authentication=UsernamePasswordAuthenticationToken [Principal=docuTag.domain.jwt.SecurityUser@5689bc8a, Credentials=[PROTECTED], Authenticated=true, Details=WebAuthenticationDetails [RemoteIpAddress=0:0:0:0:0:0:0:1, SessionId=8E4A779C593AFC7FDDB02B57553CF018], Granted Authorities=[ROLE_USER]]]
2026-05-21T13:15:02.508+09:00  INFO 28072 --- [demo] [http-nio-8080-exec-9] d.domain.jwt.JwtAuthenticationFilter     : JWT 인증 성공 - userId: 1
2026-05-21T13:15:02.509+09:00 DEBUG 28072 --- [demo] [http-nio-8080-exec-9] o.s.security.web.FilterChainProxy        : Secured POST /api/log/click
2026-05-21T13:15:02.515+09:00 DEBUG 28072 --- [demo] [http-nio-8080-exec-9] org.hibernate.SQL                        : 
    select
        u1_0.user_id,
        u1_0.created_at,
        u1_0.email,
        u1_0.nickname,
        u1_0.oauth_provider,
        u1_0.password,
        u1_0.provider_id,
        u1_0.updated_at 
    from
        users u1_0 
    where
        u1_0.user_id=?
2026-05-21T13:15:02.515+09:00 TRACE 28072 --- [demo] [http-nio-8080-exec-9] org.hibernate.orm.jdbc.bind              : binding parameter (1:BIGINT) <- [1]
2026-05-21T13:15:02.520+09:00  INFO 28072 --- [demo] [http-nio-8080-exec-9] d.domain.jwt.JwtAuthenticationFilter     : JWT 인증 성공 - userId: 1
2026-05-21T13:15:04.880+09:00 DEBUG 28072 --- [demo] [http-nio-8080-exec-10] o.s.security.web.FilterChainProxy        : Securing OPTIONS /api/documents
2026-05-21T13:15:04.882+09:00 DEBUG 28072 --- [demo] [http-nio-8080-exec-2] o.s.security.web.FilterChainProxy        : Securing POST /api/documents
2026-05-21T13:15:04.882+09:00 TRACE 28072 --- [demo] [http-nio-8080-exec-2] .s.o.c.w.OAuth2LoginAuthenticationFilter : Did not match request to Ant [pattern='/login/oauth2/code/*']
2026-05-21T13:15:04.896+09:00 DEBUG 28072 --- [demo] [http-nio-8080-exec-2] org.hibernate.SQL                        : 
    select
        u1_0.user_id,
        u1_0.created_at,
        u1_0.email,
        u1_0.nickname,
        u1_0.oauth_provider,
        u1_0.password,
        u1_0.provider_id,
        u1_0.updated_at 
    from
        users u1_0 
    where
        u1_0.user_id=?
2026-05-21T13:15:04.896+09:00 TRACE 28072 --- [demo] [http-nio-8080-exec-2] org.hibernate.orm.jdbc.bind              : binding parameter (1:BIGINT) <- [1]
2026-05-21T13:15:04.902+09:00 DEBUG 28072 --- [demo] [http-nio-8080-exec-2] w.c.HttpSessionSecurityContextRepository : Retrieved SecurityContextImpl [Authentication=UsernamePasswordAuthenticationToken [Principal=docuTag.domain.jwt.SecurityUser@19463105, Credentials=[PROTECTED], Authenticated=true, Details=WebAuthenticationDetails [RemoteIpAddress=0:0:0:0:0:0:0:1, SessionId=8E4A779C593AFC7FDDB02B57553CF018], Granted Authorities=[ROLE_USER]]]
2026-05-21T13:15:04.903+09:00  INFO 28072 --- [demo] [http-nio-8080-exec-2] d.domain.jwt.JwtAuthenticationFilter     : JWT 인증 성공 - userId: 1
2026-05-21T13:15:04.903+09:00 DEBUG 28072 --- [demo] [http-nio-8080-exec-2] o.s.security.web.FilterChainProxy        : Secured POST /api/documents
2026-05-21T13:15:04.910+09:00 DEBUG 28072 --- [demo] [http-nio-8080-exec-2] org.hibernate.SQL                        : 
    select
        u1_0.user_id,
        u1_0.created_at,
        u1_0.email,
        u1_0.nickname,
        u1_0.oauth_provider,
        u1_0.password,
        u1_0.provider_id,
        u1_0.updated_at 
    from
        users u1_0 
    where
        u1_0.user_id=?
2026-05-21T13:15:04.910+09:00 TRACE 28072 --- [demo] [http-nio-8080-exec-2] org.hibernate.orm.jdbc.bind              : binding parameter (1:BIGINT) <- [1]
2026-05-21T13:15:04.916+09:00  INFO 28072 --- [demo] [http-nio-8080-exec-2] d.domain.jwt.JwtAuthenticationFilter     : JWT 인증 성공 - userId: 1
2026-05-21T13:15:04.919+09:00 DEBUG 28072 --- [demo] [http-nio-8080-exec-2] org.hibernate.SQL                        : 
    select
        u1_0.user_id,
        u1_0.created_at,
        u1_0.email,
        u1_0.nickname,
        u1_0.oauth_provider,
        u1_0.password,
        u1_0.provider_id,
        u1_0.updated_at 
    from
        users u1_0 
    where
        u1_0.user_id=?
2026-05-21T13:15:04.920+09:00 TRACE 28072 --- [demo] [http-nio-8080-exec-2] org.hibernate.orm.jdbc.bind              : binding parameter (1:BIGINT) <- [1]
2026-05-21T13:15:04.923+09:00 DEBUG 28072 --- [demo] [http-nio-8080-exec-2] org.hibernate.SQL                        : 
    insert 
    into
        documents
        (content, created_at, title, updated_at, user_id) 
    values
        (?, ?, ?, ?, ?)
2026-05-21T13:15:04.923+09:00 TRACE 28072 --- [demo] [http-nio-8080-exec-2] org.hibernate.orm.jdbc.bind              : binding parameter (1:VARCHAR) <- [44]
2026-05-21T13:15:04.924+09:00 TRACE 28072 --- [demo] [http-nio-8080-exec-2] org.hibernate.orm.jdbc.bind              : binding parameter (2:TIMESTAMP) <- [2026-05-21T13:15:04.923113800]
2026-05-21T13:15:04.924+09:00 TRACE 28072 --- [demo] [http-nio-8080-exec-2] org.hibernate.orm.jdbc.bind              : binding parameter (3:VARCHAR) <- [333]
2026-05-21T13:15:04.924+09:00 TRACE 28072 --- [demo] [http-nio-8080-exec-2] org.hibernate.orm.jdbc.bind              : binding parameter (4:TIMESTAMP) <- [2026-05-21T13:15:04.923113800]
2026-05-21T13:15:04.924+09:00 TRACE 28072 --- [demo] [http-nio-8080-exec-2] org.hibernate.orm.jdbc.bind              : binding parameter (5:BIGINT) <- [1]
2026-05-21T13:15:04.926+09:00  INFO 28072 --- [demo] [http-nio-8080-exec-2] d.d.document.service.DocumentService     : document 객체 저장 성공
2026-05-21T13:15:04.927+09:00  INFO 28072 --- [demo] [http-nio-8080-exec-2] d.d.document.service.DocumentService     : document_tag 객체 저장 성공
2026-05-21T13:15:04.941+09:00 DEBUG 28072 --- [demo] [http-nio-8080-exec-7] o.s.security.web.FilterChainProxy        : Securing GET /api/documents?size=10
2026-05-21T13:15:04.942+09:00 TRACE 28072 --- [demo] [http-nio-8080-exec-7] .s.o.c.w.OAuth2LoginAuthenticationFilter : Did not match request to Ant [pattern='/login/oauth2/code/*']
2026-05-21T13:15:04.951+09:00 DEBUG 28072 --- [demo] [http-nio-8080-exec-7] org.hibernate.SQL                        : 
    select
        u1_0.user_id,
        u1_0.created_at,
        u1_0.email,
        u1_0.nickname,
        u1_0.oauth_provider,
        u1_0.password,
        u1_0.provider_id,
        u1_0.updated_at 
    from
        users u1_0 
    where
        u1_0.user_id=?
2026-05-21T13:15:04.951+09:00 TRACE 28072 --- [demo] [http-nio-8080-exec-7] org.hibernate.orm.jdbc.bind              : binding parameter (1:BIGINT) <- [1]
2026-05-21T13:15:04.959+09:00 DEBUG 28072 --- [demo] [http-nio-8080-exec-7] w.c.HttpSessionSecurityContextRepository : Retrieved SecurityContextImpl [Authentication=UsernamePasswordAuthenticationToken [Principal=docuTag.domain.jwt.SecurityUser@848d693, Credentials=[PROTECTED], Authenticated=true, Details=WebAuthenticationDetails [RemoteIpAddress=0:0:0:0:0:0:0:1, SessionId=8E4A779C593AFC7FDDB02B57553CF018], Granted Authorities=[ROLE_USER]]]
2026-05-21T13:15:04.959+09:00  INFO 28072 --- [demo] [http-nio-8080-exec-7] d.domain.jwt.JwtAuthenticationFilter     : JWT 인증 성공 - userId: 1
2026-05-21T13:15:04.960+09:00 DEBUG 28072 --- [demo] [http-nio-8080-exec-7] o.s.security.web.FilterChainProxy        : Secured GET /api/documents?size=10
2026-05-21T13:15:04.968+09:00 DEBUG 28072 --- [demo] [http-nio-8080-exec-7] org.hibernate.SQL                        : 
    select
        u1_0.user_id,
        u1_0.created_at,
        u1_0.email,
        u1_0.nickname,
        u1_0.oauth_provider,
        u1_0.password,
        u1_0.provider_id,
        u1_0.updated_at 
    from
        users u1_0 
    where
        u1_0.user_id=?
2026-05-21T13:15:04.969+09:00 TRACE 28072 --- [demo] [http-nio-8080-exec-7] org.hibernate.orm.jdbc.bind              : binding parameter (1:BIGINT) <- [1]
2026-05-21T13:15:04.975+09:00  INFO 28072 --- [demo] [http-nio-8080-exec-7] d.domain.jwt.JwtAuthenticationFilter     : JWT 인증 성공 - userId: 1
2026-05-21T13:15:04.979+09:00 DEBUG 28072 --- [demo] [http-nio-8080-exec-7] org.hibernate.SQL                        : 
    SELECT
        d.* 
    FROM
        documents d 
    WHERE
        d.user_id = ?     
        AND (
            ? IS NULL 
            OR d.document_id < ?
        )     
        AND (
            ? IS NULL 
            OR d.title LIKE CONCAT('%', ?, '%')
        ) 
    ORDER BY
        d.document_id DESC 
    LIMIT
        ? 
2026-05-21T13:15:04.980+09:00 TRACE 28072 --- [demo] [http-nio-8080-exec-7] org.hibernate.orm.jdbc.bind              : binding parameter (1:BIGINT) <- [1]
2026-05-21T13:15:04.980+09:00 TRACE 28072 --- [demo] [http-nio-8080-exec-7] org.hibernate.orm.jdbc.bind              : binding parameter (2:BIGINT) <- [null]
2026-05-21T13:15:04.980+09:00 TRACE 28072 --- [demo] [http-nio-8080-exec-7] org.hibernate.orm.jdbc.bind              : binding parameter (3:BIGINT) <- [null]
2026-05-21T13:15:04.980+09:00 TRACE 28072 --- [demo] [http-nio-8080-exec-7] org.hibernate.orm.jdbc.bind              : binding parameter (4:VARCHAR) <- [null]
2026-05-21T13:15:04.980+09:00 TRACE 28072 --- [demo] [http-nio-8080-exec-7] org.hibernate.orm.jdbc.bind              : binding parameter (5:VARCHAR) <- [null]
2026-05-21T13:15:04.980+09:00 TRACE 28072 --- [demo] [http-nio-8080-exec-7] org.hibernate.orm.jdbc.bind              : binding parameter (6:INTEGER) <- [11]
2026-05-21T13:15:04.990+09:00 DEBUG 28072 --- [demo] [http-nio-8080-exec-7] org.hibernate.SQL                        : 
    select
        d1_0.document_id,
        d1_0.content,
        d1_0.created_at,
        dt1_0.document_id,
        dt1_0.document_tag_id,
        dt1_0.created_at,
        dt1_0.tag_id,
        t1_0.tag_id,
        t1_0.created_at,
        t1_0.tag_name,
        d1_0.title,
        d1_0.updated_at,
        d1_0.user_id 
    from
        documents d1_0 
    left join
        document_tags dt1_0 
            on d1_0.document_id=dt1_0.document_id 
    left join
        tags t1_0 
            on t1_0.tag_id=dt1_0.tag_id 
    where
        d1_0.document_id in (?, ?, ?, ?, ?, ?, ?, ?, ?, ?) 
        and d1_0.user_id=? 
    order by
        d1_0.created_at desc
2026-05-21T13:15:04.990+09:00 TRACE 28072 --- [demo] [http-nio-8080-exec-7] org.hibernate.orm.jdbc.bind              : binding parameter (1:BIGINT) <- [32]
2026-05-21T13:15:04.990+09:00 TRACE 28072 --- [demo] [http-nio-8080-exec-7] org.hibernate.orm.jdbc.bind              : binding parameter (2:BIGINT) <- [31]
2026-05-21T13:15:04.990+09:00 TRACE 28072 --- [demo] [http-nio-8080-exec-7] org.hibernate.orm.jdbc.bind              : binding parameter (3:BIGINT) <- [30]
2026-05-21T13:15:04.990+09:00 TRACE 28072 --- [demo] [http-nio-8080-exec-7] org.hibernate.orm.jdbc.bind              : binding parameter (4:BIGINT) <- [29]
2026-05-21T13:15:04.990+09:00 TRACE 28072 --- [demo] [http-nio-8080-exec-7] org.hibernate.orm.jdbc.bind              : binding parameter (5:BIGINT) <- [28]
2026-05-21T13:15:04.990+09:00 TRACE 28072 --- [demo] [http-nio-8080-exec-7] org.hibernate.orm.jdbc.bind              : binding parameter (6:BIGINT) <- [27]
2026-05-21T13:15:04.990+09:00 TRACE 28072 --- [demo] [http-nio-8080-exec-7] org.hibernate.orm.jdbc.bind              : binding parameter (7:BIGINT) <- [26]
2026-05-21T13:15:04.990+09:00 TRACE 28072 --- [demo] [http-nio-8080-exec-7] org.hibernate.orm.jdbc.bind              : binding parameter (8:BIGINT) <- [25]
2026-05-21T13:15:04.990+09:00 TRACE 28072 --- [demo] [http-nio-8080-exec-7] org.hibernate.orm.jdbc.bind              : binding parameter (9:BIGINT) <- [24]
2026-05-21T13:15:04.990+09:00 TRACE 28072 --- [demo] [http-nio-8080-exec-7] org.hibernate.orm.jdbc.bind              : binding parameter (10:BIGINT) <- [23]
2026-05-21T13:15:04.990+09:00 TRACE 28072 --- [demo] [http-nio-8080-exec-7] org.hibernate.orm.jdbc.bind              : binding parameter (11:BIGINT) <- [1]
2026-05-21T13:15:05.980+09:00 DEBUG 28072 --- [demo] [http-nio-8080-exec-1] o.s.security.web.FilterChainProxy        : Securing OPTIONS /api/documents/32
2026-05-21T13:15:05.984+09:00 DEBUG 28072 --- [demo] [http-nio-8080-exec-3] o.s.security.web.FilterChainProxy        : Securing POST /api/log/click
2026-05-21T13:15:05.984+09:00 TRACE 28072 --- [demo] [http-nio-8080-exec-3] .s.o.c.w.OAuth2LoginAuthenticationFilter : Did not match request to Ant [pattern='/login/oauth2/code/*']
2026-05-21T13:15:05.987+09:00 DEBUG 28072 --- [demo] [http-nio-8080-exec-5] o.s.security.web.FilterChainProxy        : Securing GET /api/documents/32
2026-05-21T13:15:05.988+09:00 TRACE 28072 --- [demo] [http-nio-8080-exec-5] .s.o.c.w.OAuth2LoginAuthenticationFilter : Did not match request to Ant [pattern='/login/oauth2/code/*']
2026-05-21T13:15:05.994+09:00 DEBUG 28072 --- [demo] [http-nio-8080-exec-3] org.hibernate.SQL                        : 
    select
        u1_0.user_id,
        u1_0.created_at,
        u1_0.email,
        u1_0.nickname,
        u1_0.oauth_provider,
        u1_0.password,
        u1_0.provider_id,
        u1_0.updated_at 
    from
        users u1_0 
    where
        u1_0.user_id=?
2026-05-21T13:15:05.994+09:00 TRACE 28072 --- [demo] [http-nio-8080-exec-3] org.hibernate.orm.jdbc.bind              : binding parameter (1:BIGINT) <- [1]
2026-05-21T13:15:05.995+09:00 DEBUG 28072 --- [demo] [http-nio-8080-exec-5] org.hibernate.SQL                        : 
    select
        u1_0.user_id,
        u1_0.created_at,
        u1_0.email,
        u1_0.nickname,
        u1_0.oauth_provider,
        u1_0.password,
        u1_0.provider_id,
        u1_0.updated_at 
    from
        users u1_0 
    where
        u1_0.user_id=?
2026-05-21T13:15:05.995+09:00 TRACE 28072 --- [demo] [http-nio-8080-exec-5] org.hibernate.orm.jdbc.bind              : binding parameter (1:BIGINT) <- [1]
2026-05-21T13:15:05.998+09:00 DEBUG 28072 --- [demo] [http-nio-8080-exec-3] w.c.HttpSessionSecurityContextRepository : Retrieved SecurityContextImpl [Authentication=UsernamePasswordAuthenticationToken [Principal=docuTag.domain.jwt.SecurityUser@359143d3, Credentials=[PROTECTED], Authenticated=true, Details=WebAuthenticationDetails [RemoteIpAddress=0:0:0:0:0:0:0:1, SessionId=8E4A779C593AFC7FDDB02B57553CF018], Granted Authorities=[ROLE_USER]]]
2026-05-21T13:15:05.998+09:00  INFO 28072 --- [demo] [http-nio-8080-exec-3] d.domain.jwt.JwtAuthenticationFilter     : JWT 인증 성공 - userId: 1
2026-05-21T13:15:05.999+09:00 DEBUG 28072 --- [demo] [http-nio-8080-exec-5] w.c.HttpSessionSecurityContextRepository : Retrieved SecurityContextImpl [Authentication=UsernamePasswordAuthenticationToken [Principal=docuTag.domain.jwt.SecurityUser@692a9c20, Credentials=[PROTECTED], Authenticated=true, Details=WebAuthenticationDetails [RemoteIpAddress=0:0:0:0:0:0:0:1, SessionId=8E4A779C593AFC7FDDB02B57553CF018], Granted Authorities=[ROLE_USER]]]
2026-05-21T13:15:05.999+09:00 DEBUG 28072 --- [demo] [http-nio-8080-exec-3] o.s.security.web.FilterChainProxy        : Secured POST /api/log/click
2026-05-21T13:15:05.999+09:00  INFO 28072 --- [demo] [http-nio-8080-exec-5] d.domain.jwt.JwtAuthenticationFilter     : JWT 인증 성공 - userId: 1
2026-05-21T13:15:05.999+09:00 DEBUG 28072 --- [demo] [http-nio-8080-exec-5] o.s.security.web.FilterChainProxy        : Secured GET /api/documents/32
2026-05-21T13:15:06.006+09:00 DEBUG 28072 --- [demo] [http-nio-8080-exec-3] org.hibernate.SQL                        : 
    select
        u1_0.user_id,
        u1_0.created_at,
        u1_0.email,
        u1_0.nickname,
        u1_0.oauth_provider,
        u1_0.password,
        u1_0.provider_id,
        u1_0.updated_at 
    from
        users u1_0 
    where
        u1_0.user_id=?
2026-05-21T13:15:06.006+09:00 DEBUG 28072 --- [demo] [http-nio-8080-exec-5] org.hibernate.SQL                        : 
    select
        u1_0.user_id,
        u1_0.created_at,
        u1_0.email,
        u1_0.nickname,
        u1_0.oauth_provider,
        u1_0.password,
        u1_0.provider_id,
        u1_0.updated_at 
    from
        users u1_0 
    where
        u1_0.user_id=?
2026-05-21T13:15:06.006+09:00 TRACE 28072 --- [demo] [http-nio-8080-exec-3] org.hibernate.orm.jdbc.bind              : binding parameter (1:BIGINT) <- [1]
2026-05-21T13:15:06.006+09:00 TRACE 28072 --- [demo] [http-nio-8080-exec-5] org.hibernate.orm.jdbc.bind              : binding parameter (1:BIGINT) <- [1]
2026-05-21T13:15:06.012+09:00  INFO 28072 --- [demo] [http-nio-8080-exec-3] d.domain.jwt.JwtAuthenticationFilter     : JWT 인증 성공 - userId: 1
2026-05-21T13:15:06.012+09:00  INFO 28072 --- [demo] [http-nio-8080-exec-5] d.domain.jwt.JwtAuthenticationFilter     : JWT 인증 성공 - userId: 1
2026-05-21T13:15:06.020+09:00 DEBUG 28072 --- [demo] [http-nio-8080-exec-5] org.hibernate.SQL                        : 
    select
        d1_0.document_id,
        d1_0.content,
        d1_0.created_at,
        dt1_0.document_id,
        dt1_0.document_tag_id,
        dt1_0.created_at,
        dt1_0.tag_id,
        t1_0.tag_id,
        t1_0.created_at,
        t1_0.tag_name,
        d1_0.title,
        d1_0.updated_at,
        u1_0.user_id,
        u1_0.created_at,
        u1_0.email,
        u1_0.nickname,
        u1_0.oauth_provider,
        u1_0.password,
        u1_0.provider_id,
        u1_0.updated_at 
    from
        documents d1_0 
    join
        users u1_0 
            on u1_0.user_id=d1_0.user_id 
    left join
        document_tags dt1_0 
            on d1_0.document_id=dt1_0.document_id 
    left join
        tags t1_0 
            on t1_0.tag_id=dt1_0.tag_id 
    where
        d1_0.document_id=?
2026-05-21T13:15:06.020+09:00 TRACE 28072 --- [demo] [http-nio-8080-exec-5] org.hibernate.orm.jdbc.bind              : binding parameter (1:BIGINT) <- [32]
2026-05-21T13:15:06.988+09:00 DEBUG 28072 --- [demo] [http-nio-8080-exec-6] o.s.security.web.FilterChainProxy        : Securing POST /api/log/click
2026-05-21T13:15:06.988+09:00 TRACE 28072 --- [demo] [http-nio-8080-exec-6] .s.o.c.w.OAuth2LoginAuthenticationFilter : Did not match request to Ant [pattern='/login/oauth2/code/*']
2026-05-21T13:15:06.999+09:00 DEBUG 28072 --- [demo] [http-nio-8080-exec-6] org.hibernate.SQL                        : 
    select
        u1_0.user_id,
        u1_0.created_at,
        u1_0.email,
        u1_0.nickname,
        u1_0.oauth_provider,
        u1_0.password,
        u1_0.provider_id,
        u1_0.updated_at 
    from
        users u1_0 
    where
        u1_0.user_id=?
2026-05-21T13:15:07.000+09:00 TRACE 28072 --- [demo] [http-nio-8080-exec-6] org.hibernate.orm.jdbc.bind              : binding parameter (1:BIGINT) <- [1]
2026-05-21T13:15:07.006+09:00 DEBUG 28072 --- [demo] [http-nio-8080-exec-6] w.c.HttpSessionSecurityContextRepository : Retrieved SecurityContextImpl [Authentication=UsernamePasswordAuthenticationToken [Principal=docuTag.domain.jwt.SecurityUser@7b45bbfc, Credentials=[PROTECTED], Authenticated=true, Details=WebAuthenticationDetails [RemoteIpAddress=0:0:0:0:0:0:0:1, SessionId=8E4A779C593AFC7FDDB02B57553CF018], Granted Authorities=[ROLE_USER]]]
2026-05-21T13:15:07.006+09:00  INFO 28072 --- [demo] [http-nio-8080-exec-6] d.domain.jwt.JwtAuthenticationFilter     : JWT 인증 성공 - userId: 1
2026-05-21T13:15:07.006+09:00 DEBUG 28072 --- [demo] [http-nio-8080-exec-6] o.s.security.web.FilterChainProxy        : Secured POST /api/log/click
2026-05-21T13:15:07.013+09:00 DEBUG 28072 --- [demo] [http-nio-8080-exec-6] org.hibernate.SQL                        : 
    select
        u1_0.user_id,
        u1_0.created_at,
        u1_0.email,
        u1_0.nickname,
        u1_0.oauth_provider,
        u1_0.password,
        u1_0.provider_id,
        u1_0.updated_at 
    from
        users u1_0 
    where
        u1_0.user_id=?
2026-05-21T13:15:07.013+09:00 TRACE 28072 --- [demo] [http-nio-8080-exec-6] org.hibernate.orm.jdbc.bind              : binding parameter (1:BIGINT) <- [1]
2026-05-21T13:15:07.018+09:00  INFO 28072 --- [demo] [http-nio-8080-exec-6] d.domain.jwt.JwtAuthenticationFilter     : JWT 인증 성공 - userId: 1
